epoch,batch,train_loss
1,0,0.9972968
1,1,0.47043246
1,2,0.74226964
1,3,0.8647548
1,4,0.90025723
1,5,1.2594278
1,6,0.806019
1,7,0.9810591
1,8,0.98455334
1,9,0.86920184
1,10,0.7343202
1,11,0.77511203
1,12,0.7419201
1,13,0.5866778
1,14,0.87808955
1,15,0.9481095
1,16,0.93120205
1,17,0.80737495
1,18,1.029006
1,19,1.0061153
1,20,0.85077155
1,21,0.5158932
1,22,0.603611
1,23,0.6608731
1,24,0.6778468
1,25,0.71443236
1,26,0.8484086
1,27,1.1659336
1,28,1.0853922
1,29,0.5957941
1,30,0.9021151
1,31,0.5158066
1,32,0.7042929
1,33,0.82343954
1,34,0.74036336
1,35,0.5812292
1,36,0.6383433
1,37,0.8083049
1,38,0.8006804
1,39,0.7522603
1,40,0.43853173
1,41,0.6509441
1,42,0.7895496
1,43,0.37064564
1,44,0.5517404
1,45,0.401936
1,46,0.79525423
1,47,0.6052676
1,48,0.5308044
1,49,0.5548681
1,50,0.61365056
1,51,0.6283768
1,52,0.69264644
1,53,0.76946783
1,54,0.49094337
1,55,0.7922815
1,56,0.4547289
1,57,0.5323999
1,58,0.8918052
1,59,0.5934285
1,60,0.7345699
1,61,0.9505476
1,62,0.36726952
1,63,0.5900886
1,64,0.5317902
1,65,0.55717784
1,66,0.83926666
1,67,0.77950144
1,68,0.5280566
1,69,0.72847587
1,70,0.48979098
1,71,0.62908983
1,72,0.5383421
1,73,0.6065757
1,74,0.6857455
1,75,0.6141175
1,76,0.5643586
1,77,0.41799566
1,78,0.5692326
1,79,0.61995506
1,80,0.5541354
1,81,0.48587042
1,82,0.60861105
1,83,0.6576566
1,84,0.6873124
1,85,0.40999648
1,86,0.49416077
1,87,0.5783517
1,88,0.52001643
1,89,0.5678936
1,90,0.9523597
1,91,0.87068474
1,92,0.70248973
1,93,0.66860414
1,94,0.6464878
1,95,0.76005554
1,96,0.28702018
1,97,0.62315524
1,98,0.68614215
1,99,0.33170342
1,100,0.5558828
1,101,0.6408645
1,102,0.4474117
1,103,0.58433336
1,104,0.8840444
1,105,0.59450394
1,106,0.60660934
1,107,0.66224974
1,108,0.624101
1,109,0.34814587
1,110,0.44083548
1,111,0.5548841
1,112,0.69767296
1,113,0.68427217
1,114,0.80605435
1,115,0.559172
1,116,0.80567354
1,117,0.3534673
1,118,0.28443277
1,119,0.6362979
1,120,0.81371033
1,121,0.6042658
1,122,0.5088325
1,123,0.3462537
1,124,0.73702323
1,125,0.66136
1,126,0.41072
1,127,0.7659013
1,128,0.48108834
1,129,0.5318526
1,130,0.6344596
1,131,0.41695142
1,132,0.8534422
1,133,0.6779558
1,134,0.47565752
1,135,0.85516137
1,136,0.41510767
1,137,0.36926788
1,138,0.52028537
1,139,0.44762948
1,140,0.58186376
1,141,0.6671431
1,142,0.7349008
1,143,0.75971764
1,144,0.4111842
1,145,0.651708
1,146,0.3531193
1,147,0.6224115
1,148,0.6841777
1,149,0.62829846
1,150,0.4607209
1,151,0.3846038
1,152,0.72150266
1,153,0.61885595
1,154,0.6063316
1,155,0.46504045
1,156,0.5736085
1,157,0.6629782
1,158,0.41750464
1,159,0.61008763
1,160,0.36049736
1,161,0.5484961
1,162,0.76727796
1,163,0.42479956
1,164,0.5884136
1,165,0.27158928
1,166,0.56416446
1,167,0.7009365
2,0,0.51382333
2,1,0.5075481
2,2,0.457075
2,3,0.5669099
2,4,0.37255472
2,5,0.40795457
2,6,0.6029681
2,7,0.329543
2,8,0.43649143
2,9,0.39551234
2,10,0.4430586
2,11,0.43284112
2,12,0.41436648
2,13,0.37922758
2,14,0.5700203
2,15,0.56217915
2,16,0.6296932
2,17,0.46772003
2,18,0.4082268
2,19,0.48685554
2,20,0.2920981
2,21,0.4257561
2,22,0.39377886
2,23,0.56263673
2,24,0.40333626
2,25,0.44879025
2,26,0.35970205
2,27,0.5278497
2,28,0.32399195
2,29,0.32387167
2,30,0.42536652
2,31,0.25631365
2,32,0.4764135
2,33,0.4442838
2,34,0.46751207
2,35,0.5131971
2,36,0.43894222
2,37,0.49041942
2,38,0.27476043
2,39,0.5196737
2,40,0.41721135
2,41,0.36288738
2,42,0.34825683
2,43,0.5757905
2,44,0.3074785
2,45,0.3812855
2,46,0.4969061
2,47,0.40486187
2,48,0.59085894
2,49,0.607038
2,50,0.64578056
2,51,0.202759
2,52,0.41246638
2,53,0.2770992
2,54,0.15700787
2,55,0.3884211
2,56,0.29352683
2,57,0.35172492
2,58,0.41230443
2,59,0.25277948
2,60,0.33710343
2,61,0.36739257
2,62,0.35841
2,63,0.49496356
2,64,0.45772502
2,65,0.39970702
2,66,0.36387023
2,67,0.95376337
2,68,0.7159165
2,69,0.52168965
2,70,0.44065368
2,71,0.39513916
2,72,0.36242086
2,73,0.70643705
2,74,0.6691719
2,75,0.54314613
2,76,0.3259033
2,77,0.34544712
2,78,0.3241305
2,79,0.3044715
2,80,0.34754848
2,81,0.604815
2,82,0.451485
2,83,0.43913966
2,84,0.46973714
2,85,0.4216833
2,86,0.2796275
2,87,0.5059265
2,88,0.56749225
2,89,0.22680806
2,90,0.50043154
2,91,0.34629846
2,92,0.31512082
2,93,0.545212
2,94,0.69726247
2,95,0.3485824
2,96,0.5451974
2,97,0.44349608
2,98,0.31414276
2,99,0.5169723
2,100,0.6389613
2,101,0.32109588
2,102,0.48738146
2,103,0.23075542
2,104,0.33105302
2,105,0.5928296
2,106,0.36043435
2,107,0.3529118
2,108,0.54138315
2,109,0.61165184
2,110,0.44802952
2,111,0.50470835
2,112,0.5143305
2,113,0.31195793
2,114,0.27891663
2,115,0.31623936
2,116,0.455635
2,117,0.5473969
2,118,0.22447851
2,119,0.23291245
2,120,0.5520642
2,121,0.27466708
2,122,0.4140198
2,123,0.30907845
2,124,0.50491416
2,125,0.49139827
2,126,0.4533783
2,127,0.4304484
2,128,0.38530955
2,129,0.4718554
2,130,0.5736002
2,131,0.474721
2,132,0.5653489
2,133,0.42312706
2,134,0.6381594
2,135,0.33063942
2,136,0.74245
2,137,0.5456495
2,138,0.3782088
2,139,0.33058596
2,140,0.6488936
2,141,0.38939676
2,142,0.5683047
2,143,0.4259628
2,144,0.42432296
2,145,0.2619755
2,146,0.44714594
2,147,0.39489588
2,148,0.42056465
2,149,0.39281642
2,150,0.3898932
2,151,0.37862772
2,152,0.4963776
2,153,0.52215624
2,154,0.36864975
2,155,0.5564743
2,156,0.40945986
2,157,0.62315315
2,158,0.57691985
2,159,0.46779403
2,160,0.32326943
2,161,0.4342908
2,162,0.41414368
2,163,0.36639225
2,164,0.25107783
2,165,0.3496749
2,166,0.37300375
2,167,0.25731328
3,0,0.22261235
3,1,0.18446991
3,2,0.3098315
3,3,0.33563256
3,4,0.4682272
3,5,0.5152025
3,6,0.37575454
3,7,0.48330963
3,8,0.36641353
3,9,0.5084041
3,10,0.41492528
3,11,0.37589532
3,12,0.3743298
3,13,0.385438
3,14,0.40874267
3,15,0.53136444
3,16,0.4697886
3,17,0.56986403
3,18,0.61054575
3,19,0.51741683
3,20,0.2597522
3,21,0.36098588
3,22,0.3164602
3,23,0.42142886
3,24,0.35248563
3,25,0.24668397
3,26,0.45254993
3,27,0.70241296
3,28,0.29298952
3,29,0.31635517
3,30,0.33575484
3,31,0.38901407
3,32,0.477305
3,33,0.3537778
3,34,0.25162008
3,35,0.3734144
3,36,0.48899478
3,37,0.5045638
3,38,0.20537817
3,39,0.4862289
3,40,0.31621405
3,41,0.39731926
3,42,0.2616813
3,43,0.39732784
3,44,0.7576967
3,45,0.14055856
3,46,0.4666856
3,47,0.39221364
3,48,0.56381655
3,49,0.32343078
3,50,0.35835797
3,51,0.5159802
3,52,0.3375075
3,53,0.4906646
3,54,0.4771794
3,55,0.5225086
3,56,0.16829982
3,57,0.5594796
3,58,0.4883208
3,59,0.34798658
3,60,0.46575075
3,61,0.5174281
3,62,0.4994619
3,63,0.27103508
3,64,0.6327089
3,65,0.38546318
3,66,0.4669401
3,67,0.52270174
3,68,0.3198804
3,69,0.26009655
3,70,0.2684606
3,71,0.28577656
3,72,0.42279184
3,73,0.20677564
3,74,0.64458275
3,75,0.5919103
3,76,0.32764444
3,77,0.24748912
3,78,0.53633595
3,79,0.39168966
3,80,0.30136704
3,81,0.24004057
3,82,0.32308215
3,83,0.5636931
3,84,0.15178826
3,85,0.4161148
3,86,0.212286
3,87,0.4577459
3,88,0.4217062
3,89,0.52440035
3,90,0.5229509
3,91,0.4512834
3,92,0.4499408
3,93,0.4506899
3,94,0.40106237
3,95,0.29550767
3,96,0.51211673
3,97,0.41695207
3,98,0.4265381
3,99,0.26122525
3,100,0.26787037
3,101,0.36142316
3,102,0.50352764
3,103,0.4186132
3,104,0.32415983
3,105,0.46748424
3,106,0.24143536
3,107,0.38332283
3,108,0.39509654
3,109,0.33466274
3,110,0.27411664
3,111,0.35466218
3,112,0.36544582
3,113,0.33981112
3,114,0.3679039
3,115,0.38106298
3,116,0.3605568
3,117,0.45323238
3,118,0.36426452
3,119,0.36465448
3,120,0.29772186
3,121,0.22183123
3,122,0.40331608
3,123,0.3950656
3,124,0.61830246
3,125,0.29562342
3,126,0.46021014
3,127,0.27983457
3,128,0.46269068
3,129,0.32064968
3,130,0.18967342
3,131,0.6066771
3,132,0.44040325
3,133,0.38554758
3,134,0.3573317
3,135,0.43004537
3,136,0.40492105
3,137,0.47864193
3,138,0.28980047
3,139,0.3563236
3,140,0.37936488
3,141,0.33683413
3,142,0.22004423
3,143,0.41668543
3,144,0.32604212
3,145,0.31477422
3,146,0.3966769
3,147,0.4329211
3,148,0.40718865
3,149,0.51033545
3,150,0.57604814
3,151,0.16054073
3,152,0.52247435
3,153,0.32135153
3,154,0.37973082
3,155,0.4562564
3,156,0.43314108
3,157,0.40257752
3,158,0.2977926
3,159,0.40118665
3,160,0.3817744
3,161,0.31091112
3,162,0.49259192
3,163,0.52912366
3,164,0.51215285
3,165,0.30214325
3,166,0.31851357
3,167,0.3808537
4,0,0.34850383
4,1,0.30040288
4,2,0.22794078
4,3,0.33159024
4,4,0.26861325
4,5,0.16755167
4,6,0.30231458
4,7,0.3502558
4,8,0.33337268
4,9,0.45770216
4,10,0.37713158
4,11,0.290758
4,12,0.47100598
4,13,0.30303422
4,14,0.63577735
4,15,0.48898262
4,16,0.30903405
4,17,0.40542388
4,18,0.25593585
4,19,0.48800388
4,20,0.419958
4,21,0.45342755
4,22,0.5196183
4,23,0.41045728
4,24,0.43527287
4,25,0.46650895
4,26,0.47910064
4,27,0.30404842
4,28,0.1776348
4,29,0.2512515
4,30,0.29030985
4,31,0.34311634
4,32,0.31158274
4,33,0.3322386
4,34,0.38684866
4,35,0.28338215
4,36,0.42767888
4,37,0.37930965
4,38,0.36090502
4,39,0.47009498
4,40,0.50291497
4,41,0.24568284
4,42,0.34690318
4,43,0.47993398
4,44,0.20271128
4,45,0.39849293
4,46,0.37172788
4,47,0.5074438
4,48,0.43273836
4,49,0.2006908
4,50,0.4260401
4,51,0.5054416
4,52,0.33002782
4,53,0.43867198
4,54,0.26884797
4,55,0.3758238
4,56,0.41080594
4,57,0.29035515
4,58,0.5549469
4,59,0.49917877
4,60,0.3675825
4,61,0.2863254
4,62,0.5024566
4,63,0.20519483
4,64,0.7183515
4,65,0.3152644
4,66,0.26930827
4,67,0.34276295
4,68,0.4148686
4,69,0.31428212
4,70,0.54780316
4,71,0.44329482
4,72,0.5325453
4,73,0.19765866
4,74,0.37713236
4,75,0.38169143
4,76,0.34913725
4,77,0.48656142
4,78,0.33946842
4,79,0.43014133
4,80,0.4166524
4,81,0.38276377
4,82,0.52344275
4,83,0.27386284
4,84,0.38741177
4,85,0.2564286
4,86,0.46221864
4,87,0.4861016
4,88,0.41748333
4,89,0.42236573
4,90,0.22442394
4,91,0.27838248
4,92,0.4890076
4,93,0.26611403
4,94,0.35349697
4,95,0.23864017
4,96,0.34356904
4,97,0.24815585
4,98,0.37324148
4,99,0.33534062
4,100,0.44257534
4,101,0.3509097
4,102,0.5036004
4,103,0.29743892
4,104,0.35026878
4,105,0.51215446
4,106,0.3102581
4,107,0.34894094
4,108,0.2639451
4,109,0.32134545
4,110,0.16139215
4,111,0.38997528
4,112,0.2196761
4,113,0.6556049
4,114,0.28485954
4,115,0.3186671
4,116,0.4072839
4,117,0.30788305
4,118,0.27013904
4,119,0.40688586
4,120,0.55583215
4,121,0.15709764
4,122,0.37002853
4,123,0.25630605
4,124,0.27486527
4,125,0.41688794
4,126,0.24996334
4,127,0.40924233
4,128,0.4444732
4,129,0.38237822
4,130,0.3671915
4,131,0.31879997
4,132,0.65284437
4,133,0.2826464
4,134,0.24512953
4,135,0.38132143
4,136,0.4767239
4,137,0.35653326
4,138,0.38036063
4,139,0.41183037
4,140,0.3792674
4,141,0.33006454
4,142,0.39778057
4,143,0.33282387
4,144,0.42395818
4,145,0.4092726
4,146,0.38699427
4,147,0.3825434
4,148,0.5073488
4,149,0.24553645
4,150,0.26469222
4,151,0.20313752
4,152,0.47897613
4,153,0.40841836
4,154,0.3055125
4,155,0.5268423
4,156,0.39250225
4,157,0.3525622
4,158,0.37491938
4,159,0.519704
4,160,0.3492214
4,161,0.25649488
4,162,0.38761324
4,163,0.30885285
4,164,0.4368649
4,165,0.3605302
4,166,0.426418
4,167,0.11920458
5,0,0.6153754
5,1,0.38208172
5,2,0.21119973
5,3,0.38959295
5,4,0.2746148
5,5,0.27941376
5,6,0.33745027
5,7,0.3954594
5,8,0.4194972
5,9,0.44246504
5,10,0.3500898
5,11,0.4328381
5,12,0.40830123
5,13,0.4864481
5,14,0.31072825
5,15,0.58854544
5,16,0.26476365
5,17,0.102298655
5,18,0.3045798
5,19,0.30076516
5,20,0.48236597
5,21,0.44750953
5,22,0.37248683
5,23,0.3151096
5,24,0.25051546
5,25,0.33912468
5,26,0.31314343
5,27,0.3965636
5,28,0.35813376
5,29,0.23946965
5,30,0.31903815
5,31,0.15965204
5,32,0.41731167
5,33,0.10621422
5,34,0.3505774
5,35,0.2845599
5,36,0.32432818
5,37,0.22927633
5,38,0.2400119
5,39,0.21119337
5,40,0.46473396
5,41,0.3441256
5,42,0.34279156
5,43,0.14174846
5,44,0.4488582
5,45,0.7070136
5,46,0.3987487
5,47,0.50201494
5,48,0.40675724
5,49,0.5345978
5,50,0.34643146
5,51,0.3109156
5,52,0.3041733
5,53,0.26995468
5,54,0.34747553
5,55,0.2984516
5,56,0.29223093
5,57,0.4899755
5,58,0.37191063
5,59,0.31535348
5,60,0.19851553
5,61,0.23144749
5,62,0.4994446
5,63,0.41635084
5,64,0.3337841
5,65,0.32527184
5,66,0.35874563
5,67,0.16637342
5,68,0.19782881
5,69,0.35720968
5,70,0.32336593
5,71,0.2664891
5,72,0.33276373
5,73,0.39413637
5,74,0.2301161
5,75,0.36159846
5,76,0.26100093
5,77,0.31492257
5,78,0.3612228
5,79,0.27716085
5,80,0.2852472
5,81,0.4707567
5,82,0.22272743
5,83,0.2712
5,84,0.20942013
5,85,0.34719092
5,86,0.3197573
5,87,0.31151953
5,88,0.16117898
5,89,0.45983684
5,90,0.18308046
5,91,0.47468182
5,92,0.18883115
5,93,0.45583203
5,94,0.2963004
5,95,0.4442894
5,96,0.30013162
5,97,0.26952693
5,98,0.054722857
5,99,0.31802392
5,100,0.34572858
5,101,0.36813366
5,102,0.38599387
5,103,0.40489542
5,104,0.55500436
5,105,0.5399308
5,106,0.5040616
5,107,0.34133196
5,108,0.39499313
5,109,0.32425493
5,110,0.29946312
5,111,0.3290457
5,112,0.5673233
5,113,0.4330449
5,114,0.3755965
5,115,0.39870387
5,116,0.25298578
5,117,0.42817003
5,118,0.16552255
5,119,0.097307876
5,120,0.58676666
5,121,0.2583812
5,122,0.23760387
5,123,0.5139282
5,124,0.44505963
5,125,0.38255876
5,126,0.43084285
5,127,0.42830664
5,128,0.24494421
5,129,0.4345256
5,130,0.4159984
5,131,0.19823204
5,132,0.31655043
5,133,0.39788234
5,134,0.3219694
5,135,0.66033626
5,136,0.15165567
5,137,0.5446627
5,138,0.48332977
5,139,0.523025
5,140,0.37333983
5,141,0.3044507
5,142,0.34805346
5,143,0.22774673
5,144,0.29868525
5,145,0.41601843
5,146,0.20400764
5,147,0.19973251
5,148,0.35790437
5,149,0.23375367
5,150,0.30211514
5,151,0.3199786
5,152,0.4130723
5,153,0.16778916
5,154,0.07905146
5,155,0.31658086
5,156,0.45513922
5,157,0.38881114
5,158,0.30977434
5,159,0.44413707
5,160,0.43082348
5,161,0.43197405
5,162,0.26297697
5,163,0.36650017
5,164,0.4178465
5,165,0.20434906
5,166,0.38913673
5,167,0.122236624
6,0,0.4780598
6,1,0.4684375
6,2,0.32233948
6,3,0.27759308
6,4,0.3969583
6,5,0.51866
6,6,0.33253735
6,7,0.27486205
6,8,0.5144896
6,9,0.32619035
6,10,0.31758723
6,11,0.5959327
6,12,0.36296862
6,13,0.28835547
6,14,0.29836175
6,15,0.43127874
6,16,0.25133422
6,17,0.27377117
6,18,0.24307019
6,19,0.28689402
6,20,0.47217685
6,21,0.23236693
6,22,0.21374871
6,23,0.43079373
6,24,0.3172329
6,25,0.2549408
6,26,0.35822427
6,27,0.3492317
6,28,0.39611828
6,29,0.45567787
6,30,0.33125603
6,31,0.4781239
6,32,0.39905256
6,33,0.27846092
6,34,0.4102292
6,35,0.32480377
6,36,0.46901506
6,37,0.24514446
6,38,0.37045306
6,39,0.2471999
6,40,0.3314231
6,41,0.31671113
6,42,0.30327725
6,43,0.2498744
6,44,0.396959
6,45,0.49041617
6,46,0.36779797
6,47,0.27437776
6,48,0.25611612
6,49,0.3460285
6,50,0.2581408
6,51,0.2979434
6,52,0.38133594
6,53,0.36894608
6,54,0.20816588
6,55,0.35269678
6,56,0.31045133
6,57,0.34248203
6,58,0.19291139
6,59,0.24508363
6,60,0.66777974
6,61,0.5269806
6,62,0.33807695
6,63,0.24256968
6,64,0.2843747
6,65,0.28273386
6,66,0.42438293
6,67,0.14936307
6,68,0.30171615
6,69,0.18047157
6,70,0.3901963
6,71,0.29248914
6,72,0.49719304
6,73,0.23515336
6,74,0.4157611
6,75,0.32310072
6,76,0.40368682
6,77,0.30146146
6,78,0.22323264
6,79,0.24554354
6,80,0.30396742
6,81,0.46093512
6,82,0.40115345
6,83,0.31406885
6,84,0.42107543
6,85,0.2718948
6,86,0.21770196
6,87,0.4055642
6,88,0.29650497
6,89,0.26608223
6,90,0.25409257
6,91,0.24115899
6,92,0.2758422
6,93,0.29430497
6,94,0.5027777
6,95,0.48168713
6,96,0.28921753
6,97,0.31102657
6,98,0.2556271
6,99,0.3238293
6,100,0.195012
6,101,0.29987133
6,102,0.41014826
6,103,0.29542118
6,104,0.19337568
6,105,0.5306554
6,106,0.39891392
6,107,0.277449
6,108,0.3361643
6,109,0.1968992
6,110,0.38212982
6,111,0.36698818
6,112,0.4120655
6,113,0.24899177
6,114,0.29336345
6,115,0.4589386
6,116,0.4286644
6,117,0.4715067
6,118,0.4900167
6,119,0.442618
6,120,0.4280175
6,121,0.34574586
6,122,0.3050525
6,123,0.3519981
6,124,0.2937597
6,125,0.37020567
6,126,0.34937334
6,127,0.4201843
6,128,0.46858805
6,129,0.16258395
6,130,0.32098967
6,131,0.38735002
6,132,0.3015258
6,133,0.34710726
6,134,0.3035561
6,135,0.36416012
6,136,0.23739092
6,137,0.4154235
6,138,0.46618983
6,139,0.12787104
6,140,0.30370802
6,141,0.28112674
6,142,0.25679606
6,143,0.3260176
6,144,0.26857683
6,145,0.34712255
6,146,0.26463985
6,147,0.45684913
6,148,0.33170953
6,149,0.2825591
6,150,0.3491055
6,151,0.29048496
6,152,0.3869586
6,153,0.5411426
6,154,0.15033805
6,155,0.43777782
6,156,0.27015442
6,157,0.33265227
6,158,0.25105917
6,159,0.25019768
6,160,0.4436925
6,161,0.32098067
6,162,0.23565653
6,163,0.32449287
6,164,0.37595052
6,165,0.33082378
6,166,0.27185643
6,167,0.12080084
7,0,0.27395946
7,1,0.28571364
7,2,0.38065726
7,3,0.36755708
7,4,0.1799154
7,5,0.4419282
7,6,0.15180725
7,7,0.36099982
7,8,0.32951865
7,9,0.18373066
7,10,0.48064974
7,11,0.2894799
7,12,0.500307
7,13,0.29368073
7,14,0.3574463
7,15,0.19094029
7,16,0.17996407
7,17,0.28182924
7,18,0.27183527
7,19,0.3914628
7,20,0.43145564
7,21,0.28257614
7,22,0.34517682
7,23,0.34910038
7,24,0.25011608
7,25,0.27465495
7,26,0.25455832
7,27,0.4873099
7,28,0.20590577
7,29,0.34753054
7,30,0.40259957
7,31,0.23131575
7,32,0.18468039
7,33,0.31478292
7,34,0.19029808
7,35,0.18287839
7,36,0.37460536
7,37,0.38365644
7,38,0.18763328
7,39,0.40586936
7,40,0.22392993
7,41,0.39800665
7,42,0.2707092
7,43,0.27688432
7,44,0.30412763
7,45,0.2895693
7,46,0.3271662
7,47,0.39705554
7,48,0.43380794
7,49,0.18594527
7,50,0.28517357
7,51,0.44512042
7,52,0.26116616
7,53,0.3436613
7,54,0.28829306
7,55,0.38363034
7,56,0.408081
7,57,0.34656096
7,58,0.35694945
7,59,0.30166632
7,60,0.18093714
7,61,0.18734667
7,62,0.2150028
7,63,0.24339521
7,64,0.5281355
7,65,0.3103842
7,66,0.46634907
7,67,0.5103658
7,68,0.29210058
7,69,0.24353254
7,70,0.22522625
7,71,0.4003793
7,72,0.19899076
7,73,0.43945763
7,74,0.239339
7,75,0.09481785
7,76,0.13763545
7,77,0.24563918
7,78,0.26539585
7,79,0.23816204
7,80,0.3088845
7,81,0.18421876
7,82,0.44439453
7,83,0.3990838
7,84,0.43444258
7,85,0.31728745
7,86,0.49377486
7,87,0.3858116
7,88,0.27414393
7,89,0.38474292
7,90,0.17862062
7,91,0.2938339
7,92,0.30971578
7,93,0.31043336
7,94,0.34870374
7,95,0.23053224
7,96,0.22972201
7,97,0.18056914
7,98,0.5018612
7,99,0.28515142
7,100,0.42108414
7,101,0.22372946
7,102,0.2535978
7,103,0.28409335
7,104,0.44348866
7,105,0.2733751
7,106,0.22981621
7,107,0.33017033
7,108,0.26400372
7,109,0.44751352
7,110,0.5081506
7,111,0.19906561
7,112,0.32676643
7,113,0.14137396
7,114,0.3399612
7,115,0.23783627
7,116,0.2223266
7,117,0.22422129
7,118,0.44527745
7,119,0.3090685
7,120,0.38253093
7,121,0.34284258
7,122,0.38299674
7,123,0.1949495
7,124,0.27494222
7,125,0.39214784
7,126,0.30900165
7,127,0.24665003
7,128,0.3735087
7,129,0.22466186
7,130,0.3386172
7,131,0.35723692
7,132,0.37578943
7,133,0.2740441
7,134,0.18184486
7,135,0.18619424
7,136,0.3440176
7,137,0.22504534
7,138,0.28529823
7,139,0.3467785
7,140,0.29538077
7,141,0.27674025
7,142,0.3810398
7,143,0.2829178
7,144,0.22884557
7,145,0.2994297
7,146,0.26801193
7,147,0.27340207
7,148,0.22592
7,149,0.2547086
7,150,0.33356112
7,151,0.32309747
7,152,0.42382348
7,153,0.33399814
7,154,0.3265223
7,155,0.3379641
7,156,0.32254106
7,157,0.2901137
7,158,0.30818668
7,159,0.35547405
7,160,0.1932275
7,161,0.18461932
7,162,0.43539917
7,163,0.27998894
7,164,0.38043475
7,165,0.36596927
7,166,0.23012266
7,167,0.24126977
8,0,0.4011638
8,1,0.33371705
8,2,0.26234794
8,3,0.23764509
8,4,0.14146727
8,5,0.18758073
8,6,0.35159147
8,7,0.30643266
8,8,0.32357654
8,9,0.19504812
8,10,0.28156024
8,11,0.3242182
8,12,0.33831382
8,13,0.18968572
8,14,0.46585146
8,15,0.27643776
8,16,0.37886018
8,17,0.09458926
8,18,0.22565502
8,19,0.13523333
8,20,0.40789866
8,21,0.37437528
8,22,0.44278967
8,23,0.22047591
8,24,0.27339593
8,25,0.27991885
8,26,0.29298732
8,27,0.277795
8,28,0.41532072
8,29,0.33044666
8,30,0.19957018
8,31,0.22044781
8,32,0.22791335
8,33,0.4209747
8,34,0.32114118
8,35,0.19642541
8,36,0.44531035
8,37,0.23600456
8,38,0.26865113
8,39,0.39451298
8,40,0.40501437
8,41,0.22984153
8,42,0.34616515
8,43,0.3281485
8,44,0.13998283
8,45,0.31190103
8,46,0.396141
8,47,0.22338478
8,48,0.22159135
8,49,0.2865441
8,50,0.2876801
8,51,0.13624838
8,52,0.46498954
8,53,0.33950529
8,54,0.090203226
8,55,0.2904911
8,56,0.18612383
8,57,0.33112067
8,58,0.2702943
8,59,0.30755132
8,60,0.3566956
8,61,0.34310558
8,62,0.3563845
8,63,0.22067222
8,64,0.2775744
8,65,0.4985622
8,66,0.32034984
8,67,0.40700257
8,68,0.24896875
8,69,0.29145044
8,70,0.2282151
8,71,0.42289746
8,72,0.205687
8,73,0.4500895
8,74,0.3794216
8,75,0.56887335
8,76,0.39309278
8,77,0.28448254
8,78,0.18723896
8,79,0.33435097
8,80,0.202634
8,81,0.29719487
8,82,0.27741414
8,83,0.17916149
8,84,0.09143008
8,85,0.33106005
8,86,0.3295226
8,87,0.2935063
8,88,0.32789952
8,89,0.56861734
8,90,0.2672291
8,91,0.308699
8,92,0.35391632
8,93,0.24792348
8,94,0.28439403
8,95,0.23772615
8,96,0.23814273
8,97,0.32372564
8,98,0.27754575
8,99,0.3896881
8,100,0.2529809
8,101,0.18145648
8,102,0.28351784
8,103,0.32650995
8,104,0.41827956
8,105,0.22113255
8,106,0.28095385
8,107,0.41743422
8,108,0.22803703
8,109,0.30763176
8,110,0.3120666
8,111,0.13319844
8,112,0.19201918
8,113,0.4044881
8,114,0.26594508
8,115,0.28417063
8,116,0.1360852
8,117,0.3282317
8,118,0.44355243
8,119,0.40156198
8,120,0.3813996
8,121,0.2653728
8,122,0.39785635
8,123,0.27603328
8,124,0.17726308
8,125,0.36898512
8,126,0.31739393
8,127,0.23022613
8,128,0.33200014
8,129,0.4225373
8,130,0.24034593
8,131,0.19029003
8,132,0.29219586
8,133,0.18341573
8,134,0.41825643
8,135,0.22508463
8,136,0.22770713
8,137,0.2655868
8,138,0.22978719
8,139,0.13740663
8,140,0.3744228
8,141,0.36165047
8,142,0.20505255
8,143,0.37243244
8,144,0.31010735
8,145,0.1857324
8,146,0.33468264
8,147,0.28744107
8,148,0.2238588
8,149,0.4500888
8,150,0.33097637
8,151,0.3537017
8,152,0.33234966
8,153,0.19042563
8,154,0.26374218
8,155,0.23879434
8,156,0.42939186
8,157,0.38543236
8,158,0.29110566
8,159,0.37470907
8,160,0.27946207
8,161,0.36599714
8,162,0.28348434
8,163,0.27744925
8,164,0.27321315
8,165,0.26834744
8,166,0.5893316
8,167,0.23720068
9,0,0.41735762
9,1,0.31180412
9,2,0.31362793
9,3,0.3856706
9,4,0.24254261
9,5,0.28953332
9,6,0.22132176
9,7,0.13726524
9,8,0.22591019
9,9,0.18056136
9,10,0.21957237
9,11,0.274167
9,12,0.32921332
9,13,0.3088886
9,14,0.16430151
9,15,0.4424753
9,16,0.32574373
9,17,0.30580434
9,18,0.22080895
9,19,0.2737464
9,20,0.52247405
9,21,0.31168035
9,22,0.23344536
9,23,0.28250074
9,24,0.36472592
9,25,0.3772313
9,26,0.132823
9,27,0.31365216
9,28,0.3311404
9,29,0.37147123
9,30,0.3218001
9,31,0.19902782
9,32,0.4427011
9,33,0.27915376
9,34,0.3728217
9,35,0.5188309
9,36,0.2950076
9,37,0.2795301
9,38,0.37687272
9,39,0.2402834
9,40,0.1788297
9,41,0.28440136
9,42,0.24271113
9,43,0.22174263
9,44,0.28128254
9,45,0.27925417
9,46,0.13566798
9,47,0.56954956
9,48,0.28425437
9,49,0.512365
9,50,0.52708197
9,51,0.27533597
9,52,0.23019156
9,53,0.13279021
9,54,0.29379696
9,55,0.31047773
9,56,0.2241444
9,57,0.3760271
9,58,0.31743878
9,59,0.3137694
9,60,0.41627967
9,61,0.24376139
9,62,0.35453892
9,63,0.48492357
9,64,0.32782757
9,65,0.36968118
9,66,0.3162618
9,67,0.45142716
9,68,0.45234355
9,69,0.17947611
9,70,0.22381622
9,71,0.18263403
9,72,0.43369633
9,73,0.29223907
9,74,0.3717379
9,75,0.41837072
9,76,0.28489256
9,77,0.23067471
9,78,0.32860857
9,79,0.3924672
9,80,0.2811439
9,81,0.31514433
9,82,0.43890035
9,83,0.18871602
9,84,0.2119466
9,85,0.3272224
9,86,0.27187085
9,87,0.39151254
9,88,0.26439947
9,89,0.23340529
9,90,0.28231257
9,91,0.47474006
9,92,0.32908994
9,93,0.51239806
9,94,0.22658753
9,95,0.31554177
9,96,0.48897278
9,97,0.42059645
9,98,0.3050209
9,99,0.41817832
9,100,0.45728523
9,101,0.26544783
9,102,0.29902866
9,103,0.2680757
9,104,0.32431817
9,105,0.39014217
9,106,0.18112853
9,107,0.22683153
9,108,0.37216324
9,109,0.24294823
9,110,0.3933022
9,111,0.328582
9,112,0.24077979
9,113,0.3118987
9,114,0.31201017
9,115,0.30172807
9,116,0.37494555
9,117,0.13869765
9,118,0.22744098
9,119,0.19346511
9,120,0.3098119
9,121,0.23969144
9,122,0.30836788
9,123,0.18455505
9,124,0.5311675
9,125,0.28010523
9,126,0.13581961
9,127,0.26663467
9,128,0.33692458
9,129,0.37728143
9,130,0.54163444
9,131,0.28530306
9,132,0.24278304
9,133,0.294604
9,134,0.3925416
9,135,0.39789224
9,136,0.17855087
9,137,0.40041578
9,138,0.3030094
9,139,0.39370084
9,140,0.37358993
9,141,0.22510323
9,142,0.13529265
9,143,0.41017488
9,144,0.26786488
9,145,0.42276004
9,146,0.09393793
9,147,0.13624966
9,148,0.28756535
9,149,0.36373085
9,150,0.5149609
9,151,0.30921227
9,152,0.31107467
9,153,0.28059757
9,154,0.35288912
9,155,0.46555617
9,156,0.32666957
9,157,0.31347817
9,158,0.35493898
9,159,0.22672328
9,160,0.31221652
9,161,0.4336359
9,162,0.2901432
9,163,0.2649906
9,164,0.5062135
9,165,0.35349602
9,166,0.46100563
9,167,0.24456105
10,0,0.2854699
10,1,0.40114602
10,2,0.2621768
10,3,0.32648474
10,4,0.28062645
10,5,0.45437095
10,6,0.33970368
10,7,0.37031356
10,8,0.3914009
10,9,0.23599836
10,10,0.2833059
10,11,0.3277219
10,12,0.13426338
10,13,0.3410285
10,14,0.19654429
10,15,0.439637
10,16,0.27509445
10,17,0.19644487
10,18,0.13514069
10,19,0.29953235
10,20,0.31430453
10,21,0.30598655
10,22,0.28546655
10,23,0.371325
10,24,0.24968602
10,25,0.41298938
10,26,0.385746
10,27,0.13376224
10,28,0.28727114
10,29,0.1798949
10,30,0.43514168
10,31,0.29000503
10,32,0.4253525
10,33,0.3746764
10,34,0.22654843
10,35,0.09290299
10,36,0.13946438
10,37,0.42935193
10,38,0.38593727
10,39,0.28431535
10,40,0.28666767
10,41,0.28341812
10,42,0.3800022
10,43,0.2909323
10,44,0.22565974
10,45,0.1965081
10,46,0.21975356
10,47,0.26598257
10,48,0.1762337
10,49,0.44313663
10,50,0.34118867
10,51,0.33124867
10,52,0.31049925
10,53,0.35984945
10,54,0.18122324
10,55,0.283144
10,56,0.18019077
10,57,0.24582034
10,58,0.23702285
10,59,0.4100262
10,60,0.24077421
10,61,0.26887816
10,62,0.34124225
10,63,0.36990064
10,64,0.17763877
10,65,0.28717405
10,66,0.31348193
10,67,0.30954298
10,68,0.3094834
10,69,0.3262279
10,70,0.26914755
10,71,0.29665267
10,72,0.27217692
10,73,0.18989182
10,74,0.268323
10,75,0.1771834
10,76,0.2451504
10,77,0.17789364
10,78,0.31575036
10,79,0.26769155
10,80,0.43724436
10,81,0.47375572
10,82,0.13859266
10,83,0.2825871
10,84,0.28902575
10,85,0.36622712
10,86,0.473681
10,87,0.23547307
10,88,0.32280904
10,89,0.36087602
10,90,0.19465104
10,91,0.15118307
10,92,0.2721073
10,93,0.389619
10,94,0.28481013
10,95,0.23939481
10,96,0.31219953
10,97,0.40815008
10,98,0.23667823
10,99,0.18255585
10,100,0.2363908
10,101,0.2699534
10,102,0.28109825
10,103,0.37015694
10,104,0.19743636
10,105,0.41992563
10,106,0.34057903
10,107,0.28120413
10,108,0.19288209
10,109,0.4481722
10,110,0.471806
10,111,0.40336195
10,112,0.19604501
10,113,0.28708196
10,114,0.13399474
10,115,0.23790777
10,116,0.30732602
10,117,0.33074728
10,118,0.39296436
10,119,0.2997849
10,120,0.2653591
10,121,0.26709402
10,122,0.2648998
10,123,0.3246684
10,124,0.18314457
10,125,0.29189885
10,126,0.37444356
10,127,0.4171837
10,128,0.27810186
10,129,0.09261121
10,130,0.24593186
10,131,0.3830352
10,132,0.18464392
10,133,0.13479567
10,134,0.33653918
10,135,0.2003873
10,136,0.23876888
10,137,0.3118449
10,138,0.2212798
10,139,0.23763984
10,140,0.32676914
10,141,0.22030143
10,142,0.36870772
10,143,0.34424967
10,144,0.37029642
10,145,0.23020968
10,146,0.42080092
10,147,0.31170964
10,148,0.2291536
10,149,0.40083215
10,150,0.3023529
10,151,0.22413479
10,152,0.23569295
10,153,0.34827298
10,154,0.3260821
10,155,0.38644946
10,156,0.48117423
10,157,0.32651347
10,158,0.26820314
10,159,0.22516493
10,160,0.3081496
10,161,0.22773021
10,162,0.2630414
10,163,0.50765455
10,164,0.22514993
10,165,0.26767275
10,166,0.5018963
10,167,0.00020242733
11,0,0.30891287
11,1,0.17881382
11,2,0.4357923
11,3,0.289051
11,4,0.18602939
11,5,0.27901578
11,6,0.34970626
11,7,0.23821077
11,8,0.3560835
11,9,0.46198583
11,10,0.31378287
11,11,0.26239118
11,12,0.22214875
11,13,0.26695025
11,14,0.5443595
11,15,0.33286902
11,16,0.26543272
11,17,0.38943946
11,18,0.26593217
11,19,0.21501616
11,20,0.08880341
11,21,0.34456944
11,22,0.39842516
11,23,0.27835268
11,24,0.27609557
11,25,0.31972378
11,26,0.30659497
11,27,0.35237992
11,28,0.26353407
11,29,0.48068243
11,30,0.20177643
11,31,0.25624165
11,32,0.495023
11,33,0.28469688
11,34,0.389574
11,35,0.54608107
11,36,0.30686092
11,37,0.52537274
11,38,0.2829175
11,39,0.44949234
11,40,0.28173923
11,41,0.41252515
11,42,0.30769345
11,43,0.36747527
11,44,0.3241918
11,45,0.27978832
11,46,0.3283186
11,47,0.31330338
11,48,0.37060216
11,49,0.2281989
11,50,0.30205393
11,51,0.22418672
11,52,0.39114463
11,53,0.17769888
11,54,0.17812775
11,55,0.23946106
11,56,0.2796334
11,57,0.1769672
11,58,0.30845255
11,59,0.13536946
11,60,0.4256138
11,61,0.37136385
11,62,0.47714466
11,63,0.47931266
11,64,0.31131274
11,65,0.21945104
11,66,0.31975377
11,67,0.13218543
11,68,0.3265305
11,69,0.28212225
11,70,0.4565601
11,71,0.13436213
11,72,0.22549868
11,73,0.4011964
11,74,0.22346401
11,75,0.22265428
11,76,0.38311797
11,77,0.32822537
11,78,0.5260813
11,79,0.39331514
11,80,0.22394532
11,81,0.3547717
11,82,0.37027714
11,83,0.37185043
11,84,0.29804754
11,85,0.41377646
11,86,0.3141237
11,87,0.26546624
11,88,0.5158118
11,89,0.35075662
11,90,0.299015
11,91,0.49598795
11,92,0.2212002
11,93,0.26639584
11,94,0.41362524
11,95,0.27016422
11,96,0.3708833
11,97,0.35482934
11,98,0.37243515
11,99,0.4168953
11,100,0.089058354
11,101,0.22179753
11,102,0.2219387
11,103,0.3177737
11,104,0.39484224
11,105,0.41225845
11,106,0.36764258
11,107,0.32849705
11,108,0.35628432
11,109,0.55075306
11,110,0.23538017
11,111,0.17722651
11,112,0.13435581
11,113,0.38994372
11,114,0.17838621
11,115,0.2817425
11,116,0.47193038
11,117,0.22270188
11,118,0.2203628
11,119,0.29074275
11,120,0.37294558
11,121,0.21794267
11,122,0.46378148
11,123,0.24488176
11,124,0.4546582
11,125,0.22233799
11,126,0.18202814
11,127,0.08967045
11,128,0.2832366
11,129,0.22185384
11,130,0.13544217
11,131,0.45602584
11,132,0.3043275
11,133,0.26403043
11,134,0.5084374
11,135,0.33718106
11,136,0.45730713
11,137,0.37556815
11,138,0.39748073
11,139,0.39715734
11,140,0.25665605
11,141,0.45743832
11,142,0.43073237
11,143,0.22121513
11,144,0.40908608
11,145,0.3517963
11,146,0.33129954
11,147,0.22051303
11,148,0.5177688
11,149,0.1781374
11,150,0.3105038
11,151,0.20086776
11,152,0.2659716
11,153,0.30724704
11,154,0.33118892
11,155,0.28023112
11,156,0.3257874
11,157,0.28194106
11,158,0.37104475
11,159,0.2251736
11,160,0.30767536
11,161,0.50670844
11,162,0.088365816
11,163,0.3325007
11,164,0.1947197
11,165,0.26506686
11,166,0.30819196
11,167,0.0007181755
12,0,0.51055384
12,1,0.2192887
12,2,0.35012698
12,3,0.25751305
12,4,0.13272274
12,5,0.34755817
12,6,0.30609748
12,7,0.3254407
12,8,0.34115633
12,9,0.22623487
12,10,0.24366531
12,11,0.21945228
12,12,0.26302323
12,13,0.4299426
12,14,0.32610038
12,15,0.22677484
12,16,0.29537618
12,17,0.37037045
12,18,0.28645456
12,19,0.47984058
12,20,0.31108963
12,21,0.3253579
12,22,0.22097051
12,23,0.2795913
12,24,0.4390738
12,25,0.2290084
12,26,0.2964257
12,27,0.46058726
12,28,0.266416
12,29,0.13246672
12,30,0.28705937
12,31,0.3245135
12,32,0.3308603
12,33,0.32176176
12,34,0.39627415
12,35,0.26228714
12,36,0.31002045
12,37,0.22671452
12,38,0.1750327
12,39,0.39462876
12,40,0.32569647
12,41,0.22128394
12,42,0.47256002
12,43,0.28627813
12,44,0.17667095
12,45,0.17663452
12,46,0.32389435
12,47,0.3962198
12,48,0.30916867
12,49,0.3569761
12,50,0.4487002
12,51,0.22030856
12,52,0.4067941
12,53,0.49776906
12,54,0.36999828
12,55,0.4578596
12,56,0.3072154
12,57,0.394962
12,58,0.17496194
12,59,0.42381692
12,60,0.3892532
12,61,0.4547618
12,62,0.27900654
12,63,0.13598356
12,64,0.17563346
12,65,0.22065249
12,66,0.23579127
12,67,0.310667
12,68,0.48693627
12,69,0.22201166
12,70,0.28153476
12,71,0.23739085
12,72,0.26307458
12,73,0.3880502
12,74,0.22142407
12,75,0.40978777
12,76,0.22049122
12,77,0.38532567
12,78,0.3093946
12,79,0.37178642
12,80,0.18179336
12,81,0.28120834
12,82,0.30950433
12,83,0.38763604
12,84,0.27824646
12,85,0.3075037
12,86,0.17476478
12,87,0.17625383
12,88,0.1935701
12,89,0.27091303
12,90,0.26504493
12,91,0.26248646
12,92,0.3540779
12,93,0.21966344
12,94,0.2206733
12,95,0.26366898
12,96,0.23971605
12,97,0.35962808
12,98,0.36667442
12,99,0.45920354
12,100,0.17554536
12,101,0.34033877
12,102,0.17675276
12,103,0.2650417
12,104,0.3093013
12,105,0.28001612
12,106,0.17654383
12,107,0.42694747
12,108,0.23998982
12,109,0.17768057
12,110,0.30734456
12,111,0.3079567
12,112,0.28437427
12,113,0.29885226
12,114,0.3269595
12,115,0.28447348
12,116,0.34331116
12,117,0.47721437
12,118,0.08898377
12,119,0.26392967
12,120,0.3527843
12,121,0.26618633
12,122,0.1978719
12,123,0.31153876
12,124,0.35412452
12,125,0.51405126
12,126,0.58460796
12,127,0.21902528
12,128,0.3219058
12,129,0.4161052
12,130,0.23933057
12,131,0.26501113
12,132,0.17979187
12,133,0.22222331
12,134,0.3273282
12,135,0.23566078
12,136,0.28290913
12,137,0.2261467
12,138,0.22973168
12,139,0.17677899
12,140,0.35011768
12,141,0.36799213
12,142,0.20306388
12,143,0.23613402
12,144,0.26278728
12,145,0.29799578
12,146,0.44242477
12,147,0.28215617
12,148,0.29749987
12,149,0.32397455
12,150,0.2520069
12,151,0.52922696
12,152,0.32278094
12,153,0.28998852
12,154,0.21872804
12,155,0.3009869
12,156,0.72643805
12,157,0.32838595
12,158,0.32369024
12,159,0.42508805
12,160,0.2208861
12,161,0.26391718
12,162,0.3486409
12,163,0.37045044
12,164,0.43173337
12,165,0.39543802
12,166,0.36986053
12,167,0.00055677746
13,0,0.35021815
13,1,0.28064123
13,2,0.2200078
13,3,0.15079068
13,4,0.26759332
13,5,0.28123048
13,6,0.27959394
13,7,0.48411053
13,8,0.1770639
13,9,0.23623674
13,10,0.41448343
13,11,0.14787276
13,12,0.41456378
13,13,0.42688978
13,14,0.31037864
13,15,0.34592235
13,16,0.30959338
13,17,0.2354463
13,18,0.2818107
13,19,0.24087012
13,20,0.39675096
13,21,0.4179415
13,22,0.3516879
13,23,0.18433717
13,24,0.2947026
13,25,0.17925641
13,26,0.40969628
13,27,0.24807581
13,28,0.17874262
13,29,0.28347564
13,30,0.2196492
13,31,0.3205587
13,32,0.36670214
13,33,0.21794462
13,34,0.22166401
13,35,0.26436183
13,36,0.41097352
13,37,0.21888016
13,38,0.08933957
13,39,0.35251182
13,40,0.36785436
13,41,0.3241524
13,42,0.22116414
13,43,0.22402707
13,44,0.28147706
13,45,0.28592083
13,46,0.47629914
13,47,0.34129268
13,48,0.26105124
13,49,0.3057343
13,50,0.28472048
13,51,0.34041482
13,52,0.21994655
13,53,0.40978017
13,54,0.17676918
13,55,0.17643374
13,56,0.22138101
13,57,0.26365054
13,58,0.39729375
13,59,0.45227593
13,60,0.39123613
13,61,0.30418593
13,62,0.30719805
13,63,0.18000191
13,64,0.1327723
13,65,0.2277053
13,66,0.21148771
13,67,0.22542815
13,68,0.26186246
13,69,0.28221527
13,70,0.32349825
13,71,0.22553366
13,72,0.41117537
13,73,0.33935773
13,74,0.4138034
13,75,0.39610964
13,76,0.22113672
13,77,0.1756135
13,78,0.26427436
13,79,0.3222773
13,80,0.28913558
13,81,0.26388687
13,82,0.47491565
13,83,0.18049681
13,84,0.3267779
13,85,0.35661614
13,86,0.32369053
13,87,0.36209056
13,88,0.17990568
13,89,0.44017768
13,90,0.32153174
13,91,0.32385355
13,92,0.26405805
13,93,0.42517912
13,94,0.21993086
13,95,0.23703013
13,96,0.28276104
13,97,0.1771524
13,98,0.2202837
13,99,0.30004182
13,100,0.1760731
13,101,0.17628384
13,102,0.19277497
13,103,0.30565956
13,104,0.33195603
13,105,0.27837402
13,106,0.26281893
13,107,0.28096607
13,108,0.2808458
13,109,0.22056367
13,110,0.32908624
13,111,0.35398197
13,112,0.26207632
13,113,0.3296655
13,114,0.47070107
13,115,0.23561332
13,116,0.36715603
13,117,0.37507272
13,118,0.28104058
13,119,0.3524829
13,120,0.1789102
13,121,0.26692334
13,122,0.3396103
13,123,0.3292207
13,124,0.369653
13,125,0.34961957
13,126,0.39287075
13,127,0.4062246
13,128,0.43726125
13,129,0.2818474
13,130,0.32493353
13,131,0.26290572
13,132,0.13296776
13,133,0.17536756
13,134,0.50481975
13,135,0.27898696
13,136,0.39584267
13,137,0.34654662
13,138,0.1970147
13,139,0.21981102
13,140,0.37114173
13,141,0.36760136
13,142,0.39815104
13,143,0.17646375
13,144,0.21983585
13,145,0.1761859
13,146,0.2848705
13,147,0.26204485
13,148,0.3078892
13,149,0.29568577
13,150,0.31515545
13,151,0.17639905
13,152,0.32231206
13,153,0.35028
13,154,0.175376
13,155,0.19273236
13,156,0.32247603
13,157,0.42740902
13,158,0.17645998
13,159,0.29944843
13,160,0.2813627
13,161,0.30812913
13,162,0.5006993
13,163,0.22192495
13,164,0.30929103
13,165,0.3820284
13,166,0.39976707
13,167,0.117379054
14,0,0.23543948
14,1,0.2251836
14,2,0.3694769
14,3,0.42706257
14,4,0.32124192
14,5,0.3837082
14,6,0.38423622
14,7,0.40932935
14,8,0.1743482
14,9,0.22216001
14,10,0.27888897
14,11,0.14741385
14,12,0.26944208
14,13,0.30794215
14,14,0.3371312
14,15,0.17509553
14,16,0.22277167
14,17,0.29630435
14,18,0.21847102
14,19,0.45331797
14,20,0.22061452
14,21,0.17915086
14,22,0.30583516
14,23,0.27950013
14,24,0.27744812
14,25,0.35026267
14,26,0.23935756
14,27,0.3684942
14,28,0.42973936
14,29,0.14824294
14,30,0.30598015
14,31,0.29562378
14,32,0.1476076
14,33,0.2379447
14,34,0.33752102
14,35,0.27713674
14,36,0.32249504
14,37,0.1753554
14,38,0.26398748
14,39,0.40990186
14,40,0.3539469
14,41,0.35433674
14,42,0.17624693
14,43,0.22095227
14,44,0.2790954
14,45,0.3254872
14,46,0.481547
14,47,0.37066078
14,48,0.17724146
14,49,0.479048
14,50,0.3689168
14,51,0.2956813
14,52,0.17489123
14,53,0.14939952
14,54,0.30694836
14,55,0.3548612
14,56,0.13241264
14,57,0.21943514
14,58,0.18073344
14,59,0.34966916
14,60,0.33572745
14,61,0.4096713
14,62,0.5436623
14,63,0.23511481
14,64,0.13390929
14,65,0.30631268
14,66,0.32587862
14,67,0.38273597
14,68,0.27917075
14,69,0.35076618
14,70,0.21883275
14,71,0.13277027
14,72,0.26394448
14,73,0.17761591
14,74,0.37056106
14,75,0.26243958
14,76,0.33900255
14,77,0.28268552
14,78,0.28247172
14,79,0.35081697
14,80,0.18178183
14,81,0.26132804
14,82,0.2805844
14,83,0.30925795
14,84,0.29125646
14,85,0.2946735
14,86,0.17941436
14,87,0.23711999
14,88,0.4976899
14,89,0.17611176
14,90,0.19234696
14,91,0.3405407
14,92,0.17673066
14,93,0.35295475
14,94,0.26204503
14,95,0.2625963
14,96,0.17646617
14,97,0.26936257
14,98,0.38222337
14,99,0.21811816
14,100,0.32609951
14,101,0.3663857
14,102,0.26424512
14,103,0.30856422
14,104,0.26017871
14,105,0.3967978
14,106,0.27824718
14,107,0.3645815
14,108,0.26858687
14,109,0.32242775
14,110,0.28005746
14,111,0.26313025
14,112,0.22019225
14,113,0.4682327
14,114,0.1330769
14,115,0.37097484
14,116,0.32256424
14,117,0.26324135
14,118,0.26438063
14,119,0.27954116
14,120,0.23496595
14,121,0.4899253
14,122,0.44176215
14,123,0.1769064
14,124,0.36578888
14,125,0.2782145
14,126,0.3505174
14,127,0.3513011
14,128,0.32581612
14,129,0.29756737
14,130,0.4470001
14,131,0.322189
14,132,0.23541662
14,133,0.17552662
14,134,0.3079555
14,135,0.13241108
14,136,0.2612538
14,137,0.21864872
14,138,0.39919764
14,139,0.36752498
14,140,0.43107605
14,141,0.28273642
14,142,0.28587854
14,143,0.2781486
14,144,0.22164083
14,145,0.30856872
14,146,0.21925902
14,147,0.17881414
14,148,0.2348713
14,149,0.26340148
14,150,0.39117205
14,151,0.2791192
14,152,0.21931967
14,153,0.28285465
14,154,0.17646116
14,155,0.428018
14,156,0.3078045
14,157,0.26326525
14,158,0.38364568
14,159,0.3659414
14,160,0.34956682
14,161,0.227707
14,162,0.38225138
14,163,0.38147333
14,164,0.27771616
14,165,0.27956015
14,166,0.32438064
14,167,0.0006300858
15,0,0.28008074
15,1,0.28129715
15,2,0.39520076
15,3,0.36687344
15,4,0.32498035
15,5,0.36619145
15,6,0.3237333
15,7,0.21921283
15,8,0.32219288
15,9,0.35164154
15,10,0.17497972
15,11,0.27364555
15,12,0.42791945
15,13,0.17666793
15,14,0.26368487
15,15,0.2628493
15,16,0.3513129
15,17,0.16407883
15,18,0.27748108
15,19,0.22057083
15,20,0.17653605
15,21,0.32263088
15,22,0.23543796
15,23,0.09960276
15,24,0.17605087
15,25,0.18058951
15,26,0.17689246
15,27,0.089874566
15,28,0.2651567
15,29,0.43220678
15,30,0.17774059
15,31,0.44043756
15,32,0.2365588
15,33,0.38175517
15,34,0.44244057
15,35,0.28099886
15,36,0.08910832
15,37,0.3216688
15,38,0.45687702
15,39,0.45460874
15,40,0.41416997
15,41,0.3210976
15,42,0.23648104
15,43,0.1753553
15,44,0.17476761
15,45,0.27776098
15,46,0.2949369
15,47,0.044609264
15,48,0.3521308
15,49,0.47854316
15,50,0.32445228
15,51,0.22111961
15,52,0.28218237
15,53,0.26677045
15,54,0.26678967
15,55,0.3394013
15,56,0.21941362
15,57,0.08852994
15,58,0.36875355
15,59,0.13276574
15,60,0.3131848
15,61,0.17508835
15,62,0.17735597
15,63,0.13247946
15,64,0.3227237
15,65,0.39509714
15,66,0.32482088
15,67,0.4714576
15,68,0.42693943
15,69,0.30979857
15,70,0.2631883
15,71,0.36628583
15,72,0.1749772
15,73,0.1771242
15,74,0.26107508
15,75,0.3102981
15,76,0.26252013
15,77,0.36677343
15,78,0.32325298
15,79,0.3677442
15,80,0.2179581
15,81,0.23597516
15,82,0.26476735
15,83,0.21980661
15,84,0.30777588
15,85,0.3069274
15,86,0.22002143
15,87,0.3228184
15,88,0.27675176
15,89,0.21900119
15,90,0.13131717
15,91,0.24058011
15,92,0.175708
15,93,0.36771488
15,94,0.48332787
15,95,0.295769
15,96,0.30627534
15,97,0.21778575
15,98,0.23743582
15,99,0.36478177
15,100,0.34953332
15,101,0.2637292
15,102,0.19201832
15,103,0.23407504
15,104,0.40910417
15,105,0.3212211
15,106,0.21927774
15,107,0.37070888
15,108,0.17616409
15,109,0.21837148
15,110,0.41055527
15,111,0.32314387
15,112,0.32177
15,113,0.3677529
15,114,0.22332133
15,115,0.30613935
15,116,0.17614096
15,117,0.27513796
15,118,0.3217151
15,119,0.32398325
15,120,0.32681805
15,121,0.43953294
15,122,0.30683202
15,123,0.39235157
15,124,0.32254976
15,125,0.27151644
15,126,0.26454705
15,127,0.23503664
15,128,0.23558284
15,129,0.32350215
15,130,0.21817861
15,131,0.21878844
15,132,0.2195664
15,133,0.088279076
15,134,0.32285672
15,135,0.17817193
15,136,0.30755383
15,137,0.3405296
15,138,0.23406228
15,139,0.26748016
15,140,0.39351684
15,141,0.24741222
15,142,0.30643877
15,143,0.26084936
15,144,0.090227276
15,145,0.21839108
15,146,0.34157476
15,147,0.14768788
15,148,0.26238465
15,149,0.19521607
15,150,0.17673403
15,151,0.38253924
15,152,0.3663562
15,153,0.27893317
15,154,0.46890205
15,155,0.25091887
15,156,0.17572197
15,157,0.27932525
15,158,0.38301146
15,159,0.36536276
15,160,0.42507988
15,161,0.13327888
15,162,0.3381104
15,163,0.19212374
15,164,0.36600313
15,165,0.33845615
15,166,0.23538244
15,167,0.278207
16,0,0.21789515
16,1,0.17590967
16,2,0.30708703
16,3,0.32432377
16,4,0.26066214
16,5,0.17646688
16,6,0.13193658
16,7,0.17516568
16,8,0.39342225
16,9,0.39213914
16,10,0.3412996
16,11,0.30861625
16,12,0.27988958
16,13,0.2625847
16,14,0.36548114
16,15,0.368892
16,16,0.49028695
16,17,0.28618425
16,18,0.19494098
16,19,0.5375918
16,20,0.44443935
16,21,0.32198426
16,22,0.39279813
16,23,0.34899688
16,24,0.30620378
16,25,0.27820912
16,26,0.2779936
16,27,0.13103232
16,28,0.453337
16,29,0.41199076
16,30,0.21888126
16,31,0.17451006
16,32,0.24313006
16,33,0.2662006
16,34,0.32391894
16,35,0.20702876
16,36,0.26232868
16,37,0.34955972
16,38,0.32462817
16,39,0.3944004
16,40,0.24539708
16,41,0.21961088
16,42,0.2628609
16,43,0.2676534
16,44,0.32227153
16,45,0.32273763
16,46,0.17485952
16,47,0.30757096
16,48,0.2793212
16,49,0.4259168
16,50,0.26268557
16,51,0.13278812
16,52,0.32553983
16,53,0.32274973
16,54,0.2644492
16,55,0.3659271
16,56,0.21856013
16,57,0.28096682
16,58,0.45012748
16,59,0.26225734
16,60,0.29604957
16,61,0.32131404
16,62,0.26169163
16,63,0.38170677
16,64,0.2634169
16,65,0.3655485
16,66,0.27964532
16,67,0.3292814
16,68,0.35864574
16,69,0.27965844
16,70,0.39250493
16,71,0.2187755
16,72,0.35170704
16,73,0.42633525
16,74,0.3045072
16,75,0.30539447
16,76,0.2183142
16,77,0.22116585
16,78,0.32339704
16,79,0.23389858
16,80,0.21740328
16,81,0.32285464
16,82,0.27952665
16,83,0.21767461
16,84,0.26256335
16,85,0.29739085
16,86,0.31082183
16,87,0.27754202
16,88,0.31139895
16,89,0.35082686
16,90,0.32466763
16,91,0.22122043
16,92,0.3675905
16,93,0.2659605
16,94,0.28195092
16,95,0.3272544
16,96,0.33795273
16,97,0.33901104
16,98,0.17468497
16,99,0.21812849
16,100,0.23566958
16,101,0.23397882
16,102,0.30887562
16,103,0.2642352
16,104,0.147194
16,105,0.34941265
16,106,0.42681295
16,107,0.3052398
16,108,0.36597836
16,109,0.3533602
16,110,0.40401852
16,111,0.32171232
16,112,0.34816304
16,113,0.29616365
16,114,0.2653149
16,115,0.23383272
16,116,0.27871385
16,117,0.36507708
16,118,0.13173799
16,119,0.3564204
16,120,0.29638585
16,121,0.2189154
16,122,0.30576903
16,123,0.30716705
16,124,0.3045389
16,125,0.21889344
16,126,0.30654216
16,127,0.2946306
16,128,0.30437398
16,129,0.29408434
16,130,0.33846456
16,131,0.2630468
16,132,0.21942922
16,133,0.30674815
16,134,0.36851788
16,135,0.13135616
16,136,0.24057254
16,137,0.3226198
16,138,0.22100855
16,139,0.2173388
16,140,0.21816331
16,141,0.40741575
16,142,0.38165534
16,143,0.21821639
16,144,0.23574251
16,145,0.4696728
16,146,0.17880936
16,147,0.29704577
16,148,0.2637114
16,149,0.28702003
16,150,0.27967337
16,151,0.43838856
16,152,0.2624649
16,153,0.36448896
16,154,0.30589807
16,155,0.29462332
16,156,0.27757728
16,157,0.19070008
16,158,0.43560755
16,159,0.13079424
16,160,0.27745962
16,161,0.17501888
16,162,0.36729467
16,163,0.2618423
16,164,0.27902973
16,165,0.21792442
16,166,0.32151896
16,167,0.00026400393
17,0,0.425066
17,1,0.30761257
17,2,0.19031689
17,3,0.3211444
17,4,0.2614494
17,5,0.3055972
17,6,0.26374543
17,7,0.27892327
17,8,0.38056508
17,9,0.39313203
17,10,0.3812961
17,11,0.30759126
17,12,0.04449179
17,13,0.21836758
17,14,0.26457196
17,15,0.23560457
17,16,0.23668328
17,17,0.28046352
17,18,0.2613509
17,19,0.21838742
17,20,0.13102747
17,21,0.22015406
17,22,0.25269789
17,23,0.044833392
17,24,0.32111263
17,25,0.38257116
17,26,0.25137413
17,27,0.32227433
17,28,0.30577213
17,29,0.22282049
17,30,0.26324517
17,31,0.42748544
17,32,0.2635088
17,33,0.30569202
17,34,0.34807688
17,35,0.26134545
17,36,0.19160414
17,37,0.26427233
17,38,0.26253936
17,39,0.21987009
17,40,0.36532468
17,41,0.4977613
17,42,0.19318572
17,43,0.2777719
17,44,0.17492296
17,45,0.21864331
17,46,0.27830464
17,47,0.21834719
17,48,0.3059813
17,49,0.38133383
17,50,0.30914617
17,51,0.36736932
17,52,0.5815258
17,53,0.26413566
17,54,0.3232692
17,55,0.31095028
17,56,0.31013376
17,57,0.38094282
17,58,0.33354002
17,59,0.17410156
17,60,0.36464065
17,61,0.17434251
17,62,0.26066417
17,63,0.2609657
17,64,0.39908013
17,65,0.30556276
17,66,0.33773232
17,67,0.2783969
17,68,0.2172805
17,69,0.36638725
17,70,0.3247559
17,71,0.19048446
17,72,0.26113108
17,73,0.27738756
17,74,0.39524302
17,75,0.30443898
17,76,0.26183486
17,77,0.29588926
17,78,0.30566183
17,79,0.2780239
17,80,0.30494455
17,81,0.26319778
17,82,0.21806088
17,83,0.2774735
17,84,0.2787278
17,85,0.1745221
17,86,0.26312125
17,87,0.17472318
17,88,0.39539623
17,89,0.36614114
17,90,0.26412165
17,91,0.26186627
17,92,0.21810547
17,93,0.17659676
17,94,0.32347375
17,95,0.21933255
17,96,0.29910362
17,97,0.21923819
17,98,0.4791615
17,99,0.33799532
17,100,0.2779582
17,101,0.30743763
17,102,0.2519353
17,103,0.2197896
17,104,0.3064158
17,105,0.44276845
17,106,0.30996346
17,107,0.42767277
17,108,0.33782429
17,109,0.29600626
17,110,0.3060463
17,111,0.26183784
17,112,0.32503146
17,113,0.13232267
17,114,0.3057099
17,115,0.27777326
17,116,0.17523554
17,117,0.32129908
17,118,0.19214503
17,119,0.38447678
17,120,0.23385695
17,121,0.21978614
17,122,0.27888307
17,123,0.1933235
17,124,0.33693874
17,125,0.36785334
17,126,0.22097522
17,127,0.32116252
17,128,0.26211566
17,129,0.27805218
17,130,0.32245556
17,131,0.38320485
17,132,0.2365182
17,133,0.30472785
17,134,0.23831582
17,135,0.17496315
17,136,0.35194558
17,137,0.13225964
17,138,0.44450668
17,139,0.23465703
17,140,0.17511305
17,141,0.2185659
17,142,0.26492944
17,143,0.17432708
17,144,0.35179797
17,145,0.38085115
17,146,0.17686749
17,147,0.30620706
17,148,0.34914273
17,149,0.4968773
17,150,0.35433954
17,151,0.30579
17,152,0.2633124
17,153,0.42447233
17,154,0.47366706
17,155,0.2071887
17,156,0.21777606
17,157,0.23552713
17,158,0.3490621
17,159,0.18010138
17,160,0.33829185
17,161,0.33809927
17,162,0.36588115
17,163,0.36659923
17,164,0.22258554
17,165,0.21738108
17,166,0.21739125
17,167,0.00033875403
18,0,0.21876976
18,1,0.25239244
18,2,0.2775269
18,3,0.26229897
18,4,0.26142246
18,5,0.23466137
18,6,0.21779305
18,7,0.2940805
18,8,0.3055817
18,9,0.51275444
18,10,0.2651958
18,11,0.13096681
18,12,0.2781695
18,13,0.3483327
18,14,0.2177919
18,15,0.3059358
18,16,0.34831136
18,17,0.40914363
18,18,0.30527598
18,19,0.278349
18,20,0.26074338
18,21,0.4078403
18,22,0.2949341
18,23,0.30471334
18,24,0.36557454
18,25,0.51179093
18,26,0.33898696
18,27,0.19073005
18,28,0.23455425
18,29,0.36653006
18,30,0.17812505
18,31,0.3815311
18,32,0.53891766
18,33,0.17539763
18,34,0.34381044
18,35,0.2197827
18,36,0.19043054
18,37,0.17410848
18,38,0.41104552
18,39,0.320285
18,40,0.3381673
18,41,0.32177794
18,42,0.4529722
18,43,0.42434964
18,44,0.30527797
18,45,0.2351385
18,46,0.2635954
18,47,0.45121634
18,48,0.36497834
18,49,0.30488104
18,50,0.27770704
18,51,0.3223794
18,52,0.27739948
18,53,0.30462492
18,54,0.1759789
18,55,0.21753173
18,56,0.26598054
18,57,0.21872507
18,58,0.2800922
18,59,0.2614436
18,60,0.23419511
18,61,0.2615896
18,62,0.4525855
18,63,0.2614514
18,64,0.2792638
18,65,0.17589375
18,66,0.13159087
18,67,0.26232278
18,68,0.19096386
18,69,0.42622685
18,70,0.26758754
18,71,0.1320183
18,72,0.3497502
18,73,0.33780634
18,74,0.364933
18,75,0.17481183
18,76,0.30608118
18,77,0.30763817
18,78,0.3073117
18,79,0.4979043
18,80,0.1478822
18,81,0.23434317
18,82,0.25294045
18,83,0.21766934
18,84,0.08738874
18,85,0.42562687
18,86,0.3219066
18,87,0.32158673
18,88,0.30717763
18,89,0.3233059
18,90,0.27905834
18,91,0.36492833
18,92,0.21760759
18,93,0.26191688
18,94,0.42613128
18,95,0.08763975
18,96,0.39148587
18,97,0.32203597
18,98,0.2611865
18,99,0.36483073
18,100,0.32116863
18,101,0.23424777
18,102,0.32254618
18,103,0.26221246
18,104,0.13091084
18,105,0.32394063
18,106,0.4423561
18,107,0.27869028
18,108,0.40971822
18,109,0.2822904
18,110,0.4102649
18,111,0.32243103
18,112,0.2180311
18,113,0.39373213
18,114,0.5034323
18,115,0.091161825
18,116,0.30458915
18,117,0.23513964
18,118,0.4071213
18,119,0.38162547
18,120,0.32159638
18,121,0.364663
18,122,0.27794135
18,123,0.25200713
18,124,0.3489132
18,125,0.39818132
18,126,0.26590544
18,127,0.50201654
18,128,0.4031742
18,129,0.13123387
18,130,0.36355546
18,131,0.2172659
18,132,0.32058966
18,133,0.2188789
18,134,0.13158539
18,135,0.36526626
18,136,0.1308864
18,137,0.26367408
18,138,0.41063315
18,139,0.21875459
18,140,0.2516664
18,141,0.26811862
18,142,0.23512872
18,143,0.13141319
18,144,0.30607623
18,145,0.3649959
18,146,0.3923934
18,147,0.27841133
18,148,0.3054734
18,149,0.36557493
18,150,0.38303524
18,151,0.21943218
18,152,0.13185114
18,153,0.23409292
18,154,0.32204935
18,155,0.27821574
18,156,0.23466876
18,157,0.13092008
18,158,0.3660922
18,159,0.3221063
18,160,0.337438
18,161,0.17464352
18,162,0.3045836
18,163,0.26829797
18,164,0.2797369
18,165,0.27767396
18,166,0.36660358
18,167,0.00016261861
19,0,0.3654637
19,1,0.3643375
19,2,0.08801934
19,3,0.51030934
19,4,0.3343759
19,5,0.23466104
19,6,0.23497128
19,7,0.21823984
19,8,0.42771327
19,9,0.38074487
19,10,0.26084393
19,11,0.42588323
19,12,0.26209152
19,13,0.38052738
19,14,0.21876419
19,15,0.40777522
19,16,0.26176834
19,17,0.40811816
19,18,0.23439564
19,19,0.21825409
19,20,0.17538252
19,21,0.26214084
19,22,0.34159344
19,23,0.3972162
19,24,0.26196635
19,25,0.21963653
19,26,0.3047478
19,27,0.32100585
19,28,0.13103336
19,29,0.36619556
19,30,0.2614962
19,31,0.27789345
19,32,0.26246804
19,33,0.32079428
19,34,0.30541116
19,35,0.21759507
19,36,0.04410598
19,37,0.35036576
19,38,0.36439458
19,39,0.30930597
19,40,0.26087344
19,41,0.42534918
19,42,0.35513917
19,43,0.29415166
19,44,0.3662042
19,45,0.26188678
19,46,0.5128356
19,47,0.29560208
19,48,0.4086885
19,49,0.33856806
19,50,0.2939812
19,51,0.33112147
19,52,0.3214368
19,53,0.32210755
19,54,0.13211484
19,55,0.30475408
19,56,0.34177732
19,57,0.4252319
19,58,0.35019338
19,59,0.4520077
19,60,0.2609843
19,61,0.26296502
19,62,0.30467427
19,63,0.34839416
19,64,0.27843845
19,65,0.2359359
19,66,0.40788066
19,67,0.2794102
19,68,0.3233301
19,69,0.26326227
19,70,0.26210713
19,71,0.4093716
19,72,0.4123714
19,73,0.33718383
19,74,0.13248143
19,75,0.2516468
19,76,0.38162744
19,77,0.38140118
19,78,0.26131752
19,79,0.21751788
19,80,0.49428123
19,81,0.17512627
19,82,0.36411095
19,83,0.23377293
19,84,0.3812998
19,85,0.21852165
19,86,0.22237137
19,87,0.33727175
19,88,0.2187485
19,89,0.33714893
19,90,0.41094232
19,91,0.33734286
19,92,0.21897313
19,93,0.1918424
19,94,0.21751234
19,95,0.090089224
19,96,0.36878905
19,97,0.13127032
19,98,0.21761185
19,99,0.13091533
19,100,0.17472182
19,101,0.3215809
19,102,0.21999188
19,103,0.1739235
19,104,0.3243857
19,105,0.29404873
19,106,0.1744056
19,107,0.31040078
19,108,0.21985602
19,109,0.23378603
19,110,0.1758123
19,111,0.43701792
19,112,0.32181573
19,113,0.21787876
19,114,0.2871446
19,115,0.22254825
19,116,0.3898082
19,117,0.36769646
19,118,0.23703194
19,119,0.17515662
19,120,0.39249462
19,121,0.17474303
19,122,0.22082964
19,123,0.32204014
19,124,0.3494522
19,125,0.33796817
19,126,0.26264083
19,127,0.457896
19,128,0.17505305
19,129,0.27810156
19,130,0.38094035
19,131,0.17497692
19,132,0.43558878
19,133,0.26057538
19,134,0.34912613
19,135,0.35267848
19,136,0.22104135
19,137,0.33778122
19,138,0.30504817
19,139,0.23430887
19,140,0.36544544
19,141,0.2624464
19,142,0.2616028
19,143,0.1761812
19,144,0.30658633
19,145,0.17471176
19,146,0.27688152
19,147,0.35435867
19,148,0.26242584
19,149,0.23388933
19,150,0.22104213
19,151,0.27980763
19,152,0.36493933
19,153,0.2619089
19,154,0.18161187
19,155,0.46928108
19,156,0.3869198
19,157,0.2955712
19,158,0.45201498
19,159,0.2349783
19,160,0.36640194
19,161,0.13269198
19,162,0.23472577
19,163,0.30429333
19,164,0.27810866
19,165,0.45264608
19,166,0.29337963
19,167,0.00015537365
20,0,0.10418199
20,1,0.21838894
20,2,0.4265086
20,3,0.4078918
20,4,0.22016208
20,5,0.40911573
20,6,0.45021743
20,7,0.38369122
20,8,0.21738397
20,9,0.28015926
20,10,0.13062736
20,11,0.25160056
20,12,0.17706175
20,13,0.26282942
20,14,0.32590574
20,15,0.25069988
20,16,0.26360202
20,17,0.21870294
20,18,0.1742562
20,19,0.337607
20,20,0.3735008
20,21,0.2619299
20,22,0.3220132
20,23,0.49375987
20,24,0.2942293
20,25,0.3937391
20,26,0.1743137
20,27,0.21759209
20,28,0.13142057
20,29,0.19056036
20,30,0.49389735
20,31,0.23200713
20,32,0.26081455
20,33,0.131658
20,34,0.21789706
20,35,0.36415535
20,36,0.3497556
20,37,0.13241974
20,38,0.38035494
20,39,0.33989233
20,40,0.13115302
20,41,0.32085818
20,42,0.26251325
20,43,0.30807602
20,44,0.23527315
20,45,0.17475186
20,46,0.21913782
20,47,0.1334476
20,48,0.32125384
20,49,0.32088333
20,50,0.30576798
20,51,0.36517984
20,52,0.36461598
20,53,0.27806228
20,54,0.4528222
20,55,0.1305236
20,56,0.33779284
20,57,0.27756208
20,58,0.23466277
20,59,0.30478543
20,60,0.26109892
20,61,0.2775656
20,62,0.087994054
20,63,0.21741454
20,64,0.46805242
20,65,0.13224742
20,66,0.4351344
20,67,0.45153636
20,68,0.17503516
20,69,0.19134185
20,70,0.27821898
20,71,0.2334345
20,72,0.23493426
20,73,0.17414752
20,74,0.36520943
20,75,0.40405378
20,76,0.3211294
20,77,0.43427938
20,78,0.3067237
20,79,0.13040966
20,80,0.35661632
20,81,0.33754405
20,82,0.42619187
20,83,0.2619718
20,84,0.26266754
20,85,0.13113314
20,86,0.17452228
20,87,0.4356258
20,88,0.36472154
20,89,0.21759984
20,90,0.2237767
20,91,0.19050798
20,92,0.4253888
20,93,0.30639058
20,94,0.32210618
20,95,0.34287775
20,96,0.36399072
20,97,0.14892787
20,98,0.49556673
20,99,0.21771146
20,100,0.21815595
20,101,0.38149625
20,102,0.1742278
20,103,0.17422093
20,104,0.13123697
20,105,0.3048414
20,106,0.17619151
20,107,0.21823213
20,108,0.21909738
20,109,0.32096857
20,110,0.30419075
20,111,0.1758599
20,112,0.33822364
20,113,0.32243782
20,114,0.17594635
20,115,0.32078403
20,116,0.348888
20,117,0.26068562
20,118,0.34808075
20,119,0.33081684
20,120,0.36458918
20,121,0.3204978
20,122,0.27805352
20,123,0.26200998
20,124,0.5706965
20,125,0.347826
20,126,0.36526892
20,127,0.26114672
20,128,0.27978098
20,129,0.23564203
20,130,0.4091968
20,131,0.5659864
20,132,0.45288652
20,133,0.2809069
20,134,0.32261157
20,135,0.38020885
20,136,0.3054819
20,137,0.3805148
20,138,0.23440254
20,139,0.17459655
20,140,0.42484486
20,141,0.26144952
20,142,0.324773
20,143,0.27767617
20,144,0.40776908
20,145,0.38110036
20,146,0.21835116
20,147,0.38071978
20,148,0.17753184
20,149,0.2618984
20,150,0.17504235
20,151,0.23449105
20,152,0.26289088
20,153,0.13234803
20,154,0.3209731
20,155,0.08805089
20,156,0.21851769
20,157,0.19116125
20,158,0.26172042
20,159,0.40862635
20,160,0.34963363
20,161,0.45478934
20,162,0.3064967
20,163,0.40956825
20,164,0.3239658
20,165,0.34898728
20,166,0.17560208
20,167,0.00027842866
21,0,0.46873003
21,1,0.23516428
21,2,0.36467558
21,3,0.17742094
21,4,0.19168374
21,5,0.17436403
21,6,0.27736384
21,7,0.36543423
21,8,0.364786
21,9,0.33936006
21,10,0.3814646
21,11,0.348795
21,12,0.23490891
21,13,0.2615198
21,14,0.30531764
21,15,0.42465746
21,16,0.17380819
21,17,0.26093823
21,18,0.30864227
21,19,0.4245065
21,20,0.19053501
21,21,0.23433354
21,22,0.21722272
21,23,0.3235644
21,24,0.27791822
21,25,0.2786942
21,26,0.3679847
21,27,0.34828037
21,28,0.26185983
21,29,0.1742883
21,30,0.3056081
21,31,0.40920913
21,32,0.40713355
21,33,0.40743202
21,34,0.32163388
21,35,0.27723026
21,36,0.2350655
21,37,0.23407352
21,38,0.21780771
21,39,0.2611583
21,40,0.30456334
21,41,0.30540738
21,42,0.23460102
21,43,0.08747074
21,44,0.4685794
21,45,0.30512697
21,46,0.27767193
21,47,0.31002867
21,48,0.30458015
21,49,0.35016456
21,50,0.36502475
21,51,0.34814656
21,52,0.27761784
21,53,0.26097208
21,54,0.27724737
21,55,0.26115984
21,56,0.4088392
21,57,0.2181717
21,58,0.34771937
21,59,0.2953757
21,60,0.42442772
21,61,0.38046756
21,62,0.26133686
21,63,0.42408264
21,64,0.3804917
21,65,0.17496003
21,66,0.23420417
21,67,0.21768588
21,68,0.3225509
21,69,0.26115605
21,70,0.34865415
21,71,0.23376307
21,72,0.3047366
21,73,0.45216823
21,74,0.17488709
21,75,0.39105988
21,76,0.23437355
21,77,0.30545855
21,78,0.43099147
21,79,0.26108304
21,80,0.26160657
21,81,0.2171964
21,82,0.21795581
21,83,0.2609123
21,84,0.41164407
21,85,0.34818122
21,86,0.33822227
21,87,0.3219425
21,88,0.2813257
21,89,0.17503771
21,90,0.38255918
21,91,0.2784219
21,92,0.26095602
21,93,0.21771562
21,94,0.30731755
21,95,0.13170575
21,96,0.1327776
21,97,0.17405874
21,98,0.5110258
21,99,0.2610292
21,100,0.1738118
21,101,0.2610294
21,102,0.30533284
21,103,0.23370597
21,104,0.45103118
21,105,0.08729999
21,106,0.3418639
21,107,0.3972621
21,108,0.39691946
21,109,0.45204085
21,110,0.450259
21,111,0.364115
21,112,0.28020573
21,113,0.36384168
21,114,0.36716536
21,115,0.2619156
21,116,0.17599082
21,117,0.32072353
21,118,0.26188606
21,119,0.32162228
21,120,0.3504156
21,121,0.3053723
21,122,0.4403259
21,123,0.27740973
21,124,0.42537734
21,125,0.2614761
21,126,0.39150268
21,127,0.45170438
21,128,0.17527796
21,129,0.17458138
21,130,0.1908115
21,131,0.27792752
21,132,0.40909195
21,133,0.27900836
21,134,0.21781543
21,135,0.17464346
21,136,0.30496898
21,137,0.3916167
21,138,0.21779457
21,139,0.42389408
21,140,0.27814484
21,141,0.2771116
21,142,0.33840978
21,143,0.3206734
21,144,0.3643487
21,145,0.261096
21,146,0.2617323
21,147,0.44408768
21,148,0.5382099
21,149,0.44173792
21,150,0.44025248
21,151,0.3216465
21,152,0.30583298
21,153,0.13073018
21,154,0.23440185
21,155,0.32052216
21,156,0.42508498
21,157,0.26129085
21,158,0.27796233
21,159,0.320917
21,160,0.14756668
21,161,0.19026692
21,162,0.2771048
21,163,0.21815631
21,164,0.4698431
21,165,0.21805847
21,166,0.1748899
21,167,0.34956747
22,0,0.1323049
22,1,0.21760197
22,2,0.19118744
22,3,0.36416423
22,4,0.34828
22,5,0.17456116
22,6,0.45105046
22,7,0.23565677
22,8,0.23428628
22,9,0.27719223
22,10,0.49438202
22,11,0.34761196
22,12,0.38135174
22,13,0.27812082
22,14,0.2631579
22,15,0.3041012
22,16,0.5384912
22,17,0.39153203
22,18,0.2173613
22,19,0.17398404
22,20,0.42412853
22,21,0.21729806
22,22,0.21771556
22,23,0.27775854
22,24,0.48347276
22,25,0.33776456
22,26,0.13279516
22,27,0.30504256
22,28,0.44016367
22,29,0.17400977
22,30,0.3218912
22,31,0.1472269
22,32,0.2611274
22,33,0.29380098
22,34,0.17407008
22,35,0.2936782
22,36,0.26095775
22,37,0.14677355
22,38,0.27696967
22,39,0.1738948
22,40,0.28395665
22,41,0.34896618
22,42,0.3222904
22,43,0.13134255
22,44,0.3290847
22,45,0.28121075
22,46,0.2187717
22,47,0.23402642
22,48,0.3643262
22,49,0.23433453
22,50,0.27736005
22,51,0.26100162
22,52,0.27792287
22,53,0.27761945
22,54,0.2181617
22,55,0.25023377
22,56,0.27832866
22,57,0.40780744
22,58,0.337497
22,59,0.4233749
22,60,0.21773636
22,61,0.4236949
22,62,0.23402458
22,63,0.21785259
22,64,0.2618007
22,65,0.5210303
22,66,0.27807313
22,67,0.3659671
22,68,0.21740977
22,69,0.26175535
22,70,0.4943139
22,71,0.08869991
22,72,0.39056945
22,73,0.26173764
22,74,0.21754286
22,75,0.1757854
22,76,0.2173117
22,77,0.1316495
22,78,0.4787935
22,79,0.1308549
22,80,0.27858788
22,81,0.3505748
22,82,0.3652197
22,83,0.2776944
22,84,0.4253258
22,85,0.36513543
22,86,0.32014084
22,87,0.29376656
22,88,0.23372146
22,89,0.17467692
22,90,0.34765673
22,91,0.17496827
22,92,0.27790582
22,93,0.36586237
22,94,0.23533683
22,95,0.17403069
22,96,0.38072407
22,97,0.1311066
22,98,0.26159725
22,99,0.450696
22,100,0.26133204
22,101,0.27716574
22,102,0.30489564
22,103,0.17464316
22,104,0.38054436
22,105,0.26101404
22,106,0.21781585
22,107,0.23424628
22,108,0.363662
22,109,0.21742398
22,110,0.1909309
22,111,0.40639848
22,112,0.2609886
22,113,0.3640089
22,114,0.2620135
22,115,0.2782064
22,116,0.21839553
22,117,0.23437136
22,118,0.3811071
22,119,0.36478865
22,120,0.17427981
22,121,0.3645395
22,122,0.38147748
22,123,0.40856296
22,124,0.27704972
22,125,0.27755463
22,126,0.51335347
22,127,0.3778258
22,128,0.304291
22,129,0.17431913
22,130,0.3205588
22,131,0.3696584
22,132,0.40921962
22,133,0.30506524
22,134,0.30454606
22,135,0.2339673
22,136,0.21909423
22,137,0.2771571
22,138,0.21715252
22,139,0.42435983
22,140,0.27836284
22,141,0.23379326
22,142,0.33684552
22,143,0.39159834
22,144,0.38143724
22,145,0.45361957
22,146,0.36520597
22,147,0.29461655
22,148,0.2336419
22,149,0.19111876
22,150,0.41067123
22,151,0.32068944
22,152,0.277444
22,153,0.044079475
22,154,0.36422688
22,155,0.348002
22,156,0.1742531
22,157,0.30448496
22,158,0.2173267
22,159,0.33842993
22,160,0.38055503
22,161,0.32125688
22,162,0.33825666
22,163,0.38211572
22,164,0.36461362
22,165,0.40853098
22,166,0.2186282
22,167,0.11582874
23,0,0.32075357
23,1,0.26163
23,2,0.23364821
23,3,0.2342839
23,4,0.23434454
23,5,0.30446368
23,6,0.2781247
23,7,0.42507884
23,8,0.23413938
23,9,0.2778051
23,10,0.46776032
23,11,0.2504238
23,12,0.3933338
23,13,0.2769972
23,14,0.3806045
23,15,0.3368796
23,16,0.39219004
23,17,0.40740025
23,18,0.4242119
23,19,0.4242462
23,20,0.36445308
23,21,0.26110774
23,22,0.26160398
23,23,0.40854213
23,24,0.17452028
23,25,0.3814776
23,26,0.32187337
23,27,0.34785056
23,28,0.17466387
23,29,0.2348401
23,30,0.33649924
23,31,0.19089484
23,32,0.34831554
23,33,0.36429277
23,34,0.29435378
23,35,0.27691135
23,36,0.4089238
23,37,0.17402866
23,38,0.23448004
23,39,0.32342106
23,40,0.30399418
23,41,0.23354375
23,42,0.26206726
23,43,0.2176497
23,44,0.30380002
23,45,0.27806872
23,46,0.26086628
23,47,0.4321853
23,48,0.2173232
23,49,0.40698215
23,50,0.36473468
23,51,0.39129916
23,52,0.17377934
23,53,0.3042524
23,54,0.3215024
23,55,0.32079226
23,56,0.27743566
23,57,0.26114738
23,58,0.3654858
23,59,0.2629384
23,60,0.26198775
23,61,0.2181797
23,62,0.32115996
23,63,0.17391814
23,64,0.4076066
23,65,0.46726245
23,66,0.19056597
23,67,0.34947592
23,68,0.3223551
23,69,0.27770007
23,70,0.2178603
23,71,0.23452495
23,72,0.13053761
23,73,0.14716904
23,74,0.2339795
23,75,0.26114225
23,76,0.40764624
23,77,0.36361185
23,78,0.30406722
23,79,0.34873265
23,80,0.21778229
23,81,0.21748693
23,82,0.32066634
23,83,0.39184064
23,84,0.17548463
23,85,0.43390816
23,86,0.08772853
23,87,0.46813428
23,88,0.21797502
23,89,0.36333746
23,90,0.23376614
23,91,0.23378223
23,92,0.34782094
23,93,0.1743985
23,94,0.21793795
23,95,0.13082638
23,96,0.1745469
23,97,0.4942543
23,98,0.36356762
23,99,0.26081172
23,100,0.19022954
23,101,0.17521447
23,102,0.17443578
23,103,0.42669404
23,104,0.17372975
23,105,0.30396104
23,106,0.3639739
23,107,0.5284358
23,108,0.40813136
23,109,0.2783119
23,110,0.33806455
23,111,0.17441878
23,112,0.34797794
23,113,0.26065126
23,114,0.21716434
23,115,0.2346287
23,116,0.2628256
23,117,0.13064854
23,118,0.3232757
23,119,0.29441327
23,120,0.1904014
23,121,0.2776205
23,122,0.17411777
23,123,0.32048535
23,124,0.23382643
23,125,0.4517169
23,126,0.21841064
23,127,0.32342926
23,128,0.23366547
23,129,0.40751022
23,130,0.26158056
23,131,0.21708003
23,132,0.3208025
23,133,0.21767175
23,134,0.4944234
23,135,0.26059747
23,136,0.32019123
23,137,0.30459076
23,138,0.30441767
23,139,0.3911488
23,140,0.33681887
23,141,0.278478
23,142,0.30422992
23,143,0.44042224
23,144,0.40787488
23,145,0.17432576
23,146,0.27814656
23,147,0.42472023
23,148,0.1743336
23,149,0.29398823
23,150,0.21774825
23,151,0.23394595
23,152,0.365941
23,153,0.25057042
23,154,0.17435776
23,155,0.21797092
23,156,0.14690568
23,157,0.2772482
23,158,0.38085103
23,159,0.043898046
23,160,0.25023097
23,161,0.26057935
23,162,0.36481562
23,163,0.1739037
23,164,0.26144716
23,165,0.19023994
23,166,0.30446547
23,167,0.1158666
24,0,0.40711263
24,1,0.26103148
24,2,0.21756318
24,3,0.34763858
24,4,0.19090155
24,5,0.2174311
24,6,0.17380166
24,7,0.32166302
24,8,0.36494377
24,9,0.32043263
24,10,0.2608747
24,11,0.26126498
24,12,0.34733942
24,13,0.3639298
24,14,0.17431231
24,15,0.2172096
24,16,0.2357303
24,17,0.21759836
24,18,0.3208748
24,19,0.27708697
24,20,0.29323977
24,21,0.37966394
24,22,0.3475134
24,23,0.38061798
24,24,0.32074273
24,25,0.30591872
24,26,0.27760065
24,27,0.32106093
24,28,0.3215219
24,29,0.27698487
24,30,0.17409854
24,31,0.2766025
24,32,0.36532873
24,33,0.26067296
24,34,0.2172378
24,35,0.2609452
24,36,0.3919841
24,37,0.2611121
24,38,0.08761845
24,39,0.21730393
24,40,0.3640245
24,41,0.3802685
24,42,0.3041594
24,43,0.3644725
24,44,0.38099003
24,45,0.40728146
24,46,0.38103613
24,47,0.40707335
24,48,0.19037499
24,49,0.32237557
24,50,0.46747017
24,51,0.2345672
24,52,0.26153553
24,53,0.17429066
24,54,0.21736485
24,55,0.3476514
24,56,0.38082317
24,57,0.27701023
24,58,0.19009566
24,59,0.26326
24,60,0.3369564
24,61,0.13040656
24,62,0.36412817
24,63,0.17397101
24,64,0.23402572
24,65,0.32129943
24,66,0.49471873
24,67,0.40709928
24,68,0.4074242
24,69,0.3046103
24,70,0.42456394
24,71,0.2768318
24,72,0.33803073
24,73,0.13115099
24,74,0.21745631
24,75,0.13043384
24,76,0.23368081
24,77,0.19051918
24,78,0.21730618
24,79,0.26111594
24,80,0.3286222
24,81,0.23437506
24,82,0.34731868
24,83,0.40759605
24,84,0.30635285
24,85,0.34887287
24,86,0.45102397
24,87,0.17510583
24,88,0.4679613
24,89,0.30583644
24,90,0.21186809
24,91,0.36376828
24,92,0.3386135
24,93,0.40738165
24,94,0.26158065
24,95,0.32218277
24,96,0.46701753
24,97,0.1749459
24,98,0.19128674
24,99,0.13019389
24,100,0.51266253
24,101,0.2939332
24,102,0.22011812
24,103,0.29046553
24,104,0.3475515
24,105,0.38114995
24,106,0.21788228
24,107,0.26131457
24,108,0.42344946
24,109,0.21801537
24,110,0.23505956
24,111,0.45016766
24,112,0.21758172
24,113,0.2126103
24,114,0.26137114
24,115,0.49516538
24,116,0.34751016
24,117,0.36335075
24,118,0.17387521
24,119,0.39119548
24,120,0.3214085
24,121,0.21759038
24,122,0.36525202
24,123,0.21756679
24,124,0.27791503
24,125,0.19038811
24,126,0.1306696
24,127,0.17438412
24,128,0.34873068
24,129,0.36507165
24,130,0.27781948
24,131,0.17381707
24,132,0.45038593
24,133,0.21851969
24,134,0.27901763
24,135,0.34783137
24,136,0.1306086
24,137,0.2178551
24,138,0.4399741
24,139,0.2775581
24,140,0.087130465
24,141,0.17388856
24,142,0.27698684
24,143,0.17382401
24,144,0.26193812
24,145,0.23362897
24,146,0.40787268
24,147,0.2780846
24,148,0.3805812
24,149,0.36397833
24,150,0.17444092
24,151,0.21741712
24,152,0.26055333
24,153,0.23397318
24,154,0.33728635
24,155,0.3200239
24,156,0.21721308
24,157,0.40943438
24,158,0.21857479
24,159,0.17481482
24,160,0.33853665
24,161,0.17395821
24,162,0.26138067
24,163,0.41026652
24,164,0.21774471
24,165,0.42315286
24,166,0.3638911
24,167,0.1799404
25,0,0.26294214
25,1,0.2618779
25,2,0.32079878
25,3,0.2946553
25,4,0.27735364
25,5,0.17416178
25,6,0.2771292
25,7,0.27761072
25,8,0.26247206
25,9,0.21761084
25,10,0.27750692
25,11,0.48418966
25,12,0.13088542
25,13,0.3803411
25,14,0.26078752
25,15,0.32191336
25,16,0.30448514
25,17,0.34799242
25,18,0.40745133
25,19,0.38269067
25,20,0.21831296
25,21,0.32066062
25,22,0.35353345
25,23,0.3639325
25,24,0.21758926
25,25,0.33805043
25,26,0.26144683
25,27,0.19204393
25,28,0.3648309
25,29,0.38044268
25,30,0.3472307
25,31,0.38066375
25,32,0.32161075
25,33,0.21828121
25,34,0.17580026
25,35,0.17429996
25,36,0.30406737
25,37,0.4688224
25,38,0.4249405
25,39,0.32087144
25,40,0.26136056
25,41,0.26073664
25,42,0.3382024
25,43,0.2774543
25,44,0.38106304
25,45,0.2776088
25,46,0.13071635
25,47,0.13041666
25,48,0.087525696
25,49,0.3807413
25,50,0.3046192
25,51,0.27734876
25,52,0.38008904
25,53,0.36491358
25,54,0.30655825
25,55,0.321505
25,56,0.3222473
25,57,0.5459527
25,58,0.3038731
25,59,0.4509999
25,60,0.36347422
25,61,0.21795587
25,62,0.1751127
25,63,0.2607597
25,64,0.2605579
25,65,0.27764308
25,66,0.4073755
25,67,0.23372635
25,68,0.23383889
25,69,0.26087335
25,70,0.3471306
25,71,0.3041034
25,72,0.39155096
25,73,0.08706421
25,74,0.32114983
25,75,0.42369115
25,76,0.39081863
25,77,0.3204193
25,78,0.30402344
25,79,0.30407375
25,80,0.23426306
25,81,0.27739686
25,82,0.3363408
25,83,0.45085156
25,84,0.17427555
25,85,0.4072484
25,86,0.277106
25,87,0.3202634
25,88,0.08719377
25,89,0.32180822
25,90,0.36611986
25,91,0.08784904
25,92,0.22151111
25,93,0.21727079
25,94,0.1310913
25,95,0.42338353
25,96,0.26091874
25,97,0.26194334
25,98,0.38119382
25,99,0.2178317
25,100,0.2176218
25,101,0.21833605
25,102,0.3367658
25,103,0.42662627
25,104,0.29375052
25,105,0.38218302
25,106,0.1738778
25,107,0.43428558
25,108,0.33726358
25,109,0.2787435
25,110,0.17408171
25,111,0.38007486
25,112,0.34800395
25,113,0.19053423
25,114,0.40723538
25,115,0.42792225
25,116,0.30387706
25,117,0.17404795
25,118,0.26834628
25,119,0.23419409
25,120,0.40727827
25,121,0.17412466
25,122,0.2938205
25,123,0.34835774
25,124,0.13075866
25,125,0.28061414
25,126,0.36384755
25,127,0.21701086
25,128,0.30431235
25,129,0.30453348
25,130,0.26067674
25,131,0.26085943
25,132,0.23417498
25,133,0.46680203
25,134,0.3214336
25,135,0.29431498
25,136,0.34721226
25,137,0.34716424
25,138,0.32100272
25,139,0.21807241
25,140,0.23456284
25,141,0.2339585
25,142,0.23410036
25,143,0.17460576
25,144,0.40695345
25,145,0.23444346
25,146,0.30441087
25,147,0.2334226
25,148,0.17715931
25,149,0.423891
25,150,0.2615518
25,151,0.30419943
25,152,0.21762331
25,153,0.3490405
25,154,0.2177676
25,155,0.32021052
25,156,0.21772824
25,157,0.36379284
25,158,0.27813882
25,159,0.2781701
25,160,0.17420366
25,161,0.32049605
25,162,0.39113083
25,163,0.27778184
25,164,0.14689368
25,165,0.3202295
25,166,0.3641994
25,167,4.5943394e-05
26,0,0.13094752
26,1,0.19081669
26,2,0.32083744
26,3,0.34826273
26,4,0.2771008
26,5,0.29460633
26,6,0.42322826
26,7,0.36380905
26,8,0.21732233
26,9,0.4136979
26,10,0.3041122
26,11,0.33735114
26,12,0.33679438
26,13,0.17460589
26,14,0.1739563
26,15,0.34718233
26,16,0.26148766
26,17,0.27699247
26,18,0.3212644
26,19,0.31449348
26,20,0.40772486
26,21,0.32035202
26,22,0.30428445
26,23,0.1901637
26,24,0.26100776
26,25,0.278116
26,26,0.23349935
26,27,0.26106906
26,28,0.3806996
26,29,0.17387685
26,30,0.23420963
26,31,0.23345289
26,32,0.36485273
26,33,0.21700957
26,34,0.40697643
26,35,0.36372766
26,36,0.26046115
26,37,0.4065565
26,38,0.43961215
26,39,0.3637293
26,40,0.21761623
26,41,0.6133941
26,42,0.1758926
26,43,0.17384431
26,44,0.2606514
26,45,0.2613375
26,46,0.2617107
26,47,0.21711263
26,48,0.33959973
26,49,0.17429203
26,50,0.40771008
26,51,0.21721995
26,52,0.08699347
26,53,0.21709812
26,54,0.32046235
26,55,0.1737087
26,56,0.32156467
26,57,0.3368378
26,58,0.4068923
26,59,0.45138705
26,60,0.35316664
26,61,0.30413562
26,62,0.26264536
26,63,0.32012308
26,64,0.13047631
26,65,0.26198098
26,66,0.32025766
26,67,0.23422463
26,68,0.2944867
26,69,0.2773612
26,70,0.173686
26,71,0.27856207
26,72,0.27713406
26,73,0.19030121
26,74,0.1907008
26,75,0.30409002
26,76,0.3371824
26,77,0.42345986
26,78,0.26079988
26,79,0.2606951
26,80,0.25034505
26,81,0.26122078
26,82,0.2768543
26,83,0.33642405
26,84,0.32094175
26,85,0.2775299
26,86,0.26154006
26,87,0.32026124
26,88,0.32553613
26,89,0.38044727
26,90,0.08778765
26,91,0.2933864
26,92,0.21776308
26,93,0.1737367
26,94,0.46793425
26,95,0.21740183
26,96,0.26059824
26,97,0.34756306
26,98,0.17424873
26,99,0.47857618
26,100,0.2792063
26,101,0.39106613
26,102,0.40753156
26,103,0.4086122
26,104,0.2615158
26,105,0.2173062
26,106,0.27767667
26,107,0.34865737
26,108,0.27746624
26,109,0.34700322
26,110,0.26069757
26,111,0.5271194
26,112,0.21724609
26,113,0.2603678
26,114,0.23365977
26,115,0.3928482
26,116,0.320109
26,117,0.1303716
26,118,0.3044353
26,119,0.21775424
26,120,0.13107306
26,121,0.40731603
26,122,0.3639963
26,123,0.2935057
26,124,0.19092295
26,125,0.17393279
26,126,0.34825176
26,127,0.30378693
26,128,0.2501977
26,129,0.13046512
26,130,0.30434898
26,131,0.4074792
26,132,0.14718345
26,133,0.23370293
26,134,0.478049
26,135,0.33774555
26,136,0.36369896
26,137,0.39076674
26,138,0.23435365
26,139,0.39709848
26,140,0.30427188
26,141,0.26090735
26,142,0.3645075
26,143,0.26122332
26,144,0.34841627
26,145,0.1745809
26,146,0.2605723
26,147,0.32083645
26,148,0.26081795
26,149,0.30437383
26,150,0.26143485
26,151,0.17448083
26,152,0.33699518
26,153,0.29767704
26,154,0.13134544
26,155,0.34817
26,156,0.3635233
26,157,0.2174391
26,158,0.26042604
26,159,0.30480418
26,160,0.2174572
26,161,0.26066858
26,162,0.19019613
26,163,0.17441414
26,164,0.21736929
26,165,0.36353245
26,166,0.19071253
26,167,0.000116315656
27,0,0.42356905
27,1,0.39043373
27,2,0.4236976
27,3,0.26061225
27,4,0.21801218
27,5,0.26102036
27,6,0.3370276
27,7,0.42417228
27,8,0.2777431
27,9,0.17366475
27,10,0.1737963
27,11,0.21929733
27,12,0.33668867
27,13,0.39378804
27,14,0.30473667
27,15,0.21702617
27,16,0.34801102
27,17,0.26136503
27,18,0.3848986
27,19,0.27673674
27,20,0.3640067
27,21,0.19005457
27,22,0.30442077
27,23,0.3205918
27,24,0.087316975
27,25,0.1303187
27,26,0.40684044
27,27,0.30421817
27,28,0.2610227
27,29,0.30451608
27,30,0.304227
27,31,0.33692843
27,32,0.21723288
27,33,0.27661505
27,34,0.364278
27,35,0.33708984
27,36,0.3056568
27,37,0.4077747
27,38,0.21736667
27,39,0.2609819
27,40,0.23376718
27,41,0.39031988
27,42,0.42404467
27,43,0.13040122
27,44,0.45043063
27,45,0.3036667
27,46,0.38073343
27,47,0.32087976
27,48,0.2608959
27,49,0.23354714
27,50,0.27744776
27,51,0.26082224
27,52,0.47143188
27,53,0.21850115
27,54,0.08727501
27,55,0.38023573
27,56,0.4442557
27,57,0.26037133
27,58,0.3796911
27,59,0.2610324
27,60,0.23360251
27,61,0.33762532
27,62,0.36491865
27,63,0.21768108
27,64,0.19047165
27,65,0.26095957
27,66,0.39028847
27,67,0.30403823
27,68,0.36334303
27,69,0.2770177
27,70,0.23372063
27,71,0.38110527
27,72,0.27719986
27,73,0.17426871
27,74,0.13023223
27,75,0.1304954
27,76,0.04398436
27,77,0.4775012
27,78,0.32046425
27,79,0.27661622
27,80,0.23341903
27,81,0.23403879
27,82,0.13060404
27,83,0.21683012
27,84,0.33989835
27,85,0.26280224
27,86,0.13095978
27,87,0.17391816
27,88,0.19003695
27,89,0.13030209
27,90,0.30365062
27,91,0.36653435
27,92,0.32135183
27,93,0.30369347
27,94,0.32166535
27,95,0.17417616
27,96,0.26046312
27,97,0.13143235
27,98,0.3639192
27,99,0.21718425
27,100,0.08723642
27,101,0.3040282
27,102,0.21751285
27,103,0.23351938
27,104,0.30492043
27,105,0.23403898
27,106,0.13127908
27,107,0.13036159
27,108,0.19030121
27,109,0.36337137
27,110,0.26090896
27,111,0.1902467
27,112,0.36391562
27,113,0.13114765
27,114,0.39694571
27,115,0.2617258
27,116,0.2171604
27,117,0.27715832
27,118,0.26090604
27,119,0.17403594
27,120,0.08715318
27,121,0.4513534
27,122,0.3204676
27,123,0.54315746
27,124,0.23449042
27,125,0.17488289
27,126,0.19091627
27,127,0.40757024
27,128,0.30416372
27,129,0.30503637
27,130,0.2173444
27,131,0.3040451
27,132,0.21702902
27,133,0.3917618
27,134,0.32127923
27,135,0.23355739
27,136,0.27699828
27,137,0.3044772
27,138,0.23339641
27,139,0.17377633
27,140,0.2344783
27,141,0.27803558
27,142,0.32110372
27,143,0.17423682
27,144,0.2334983
27,145,0.2775022
27,146,0.26087296
27,147,0.3039251
27,148,0.3471673
27,149,0.1904034
27,150,0.13059914
27,151,0.23363712
27,152,0.2609362
27,153,0.32086986
27,154,0.26050156
27,155,0.27749398
27,156,0.21765499
27,157,0.3811497
27,158,0.19003683
27,159,0.36419535
27,160,0.2611437
27,161,0.21704619
27,162,0.3370414
27,163,0.21728916
27,164,0.42432994
27,165,0.32026833
27,166,0.3040142
27,167,0.23159541
28,0,0.21777958
28,1,0.3041883
28,2,0.13055217
28,3,0.21726575
28,4,0.2612579
28,5,0.19024988
28,6,0.47774088
28,7,0.17464034
28,8,0.27697852
28,9,0.2768399
28,10,0.27713552
28,11,0.17411202
28,12,0.21709561
28,13,0.26116934
28,14,0.27673113
28,15,0.44125822
28,16,0.30522084
28,17,0.26072517
28,18,0.304429
28,19,0.34762654
28,20,0.4669041
28,21,0.27732927
28,22,0.3204827
28,23,0.36352545
28,24,0.36586505
28,25,0.17378807
28,26,0.30408937
28,27,0.26065856
28,28,0.13032582
28,29,0.26092175
28,30,0.2608691
28,31,0.17398177
28,32,0.2768259
28,33,0.2504611
28,34,0.30405766
28,35,0.21849515
28,36,0.24986413
28,37,0.3203648
28,38,0.30394298
28,39,0.19033432
28,40,0.23402381
28,41,0.26121515
28,42,0.27690807
28,43,0.24680446
28,44,0.27227932
28,45,0.13051057
28,46,0.1305761
28,47,0.39105213
28,48,0.26095188
28,49,0.32126892
28,50,0.364146
28,51,0.40805772
28,52,0.260489
28,53,0.33747905
28,54,0.407489
28,55,0.38034678
28,56,0.2605685
28,57,0.30390406
28,58,0.26074797
28,59,0.2176097
28,60,0.39120534
28,61,0.13066752
28,62,0.3368104
28,63,0.26092845
28,64,0.18995294
28,65,0.30381188
28,66,0.30383486
28,67,0.27729905
28,68,0.26122582
28,69,0.19055244
28,70,0.21707383
28,71,0.27733
28,72,0.1740838
28,73,0.3805229
28,74,0.17389834
28,75,0.2171545
28,76,0.13080144
28,77,0.26097307
28,78,0.26061863
28,79,0.34721112
28,80,0.32936707
28,81,0.40719244
28,82,0.21720268
28,83,0.4780068
28,84,0.53707147
28,85,0.40674967
28,86,0.1302755
28,87,0.38192052
28,88,0.46666783
28,89,0.33722878
28,90,0.4259474
28,91,0.39069623
28,92,0.36412814
28,93,0.43995175
28,94,0.363264
28,95,0.1307044
28,96,0.27704543
28,97,0.3470514
28,98,0.33670443
28,99,0.30444217
28,100,0.36332813
28,101,0.304053
28,102,0.17417893
28,103,0.27700144
28,104,0.1306227
28,105,0.26125968
28,106,0.27688023
28,107,0.3370151
28,108,0.32057172
28,109,0.45037556
28,110,0.26068228
28,111,0.21869443
28,112,0.43982413
28,113,0.42348808
28,114,0.26072818
28,115,0.45057267
28,116,0.4669081
28,117,0.17383857
28,118,0.33688578
28,119,0.2610442
28,120,0.27725118
28,121,0.38112766
28,122,0.218049
28,123,0.3809654
28,124,0.4236877
28,125,0.47325128
28,126,0.23517776
28,127,0.42348444
28,128,0.49410778
28,129,0.17457181
28,130,0.3818498
28,131,0.30371153
28,132,0.17423812
28,133,0.26125136
28,134,0.32145935
28,135,0.17392895
28,136,0.27698824
28,137,0.28054738
28,138,0.21745335
28,139,0.23374978
28,140,0.26064172
28,141,0.3202358
28,142,0.1738843
28,143,0.29328436
28,144,0.39173073
28,145,0.26035047
28,146,0.26078013
28,147,0.36431623
28,148,0.32052416
28,149,0.2605475
28,150,0.2638471
28,151,0.450284
28,152,0.27689484
28,153,0.39059472
28,154,0.38148764
28,155,0.34750694
28,156,0.21819487
28,157,0.26121604
28,158,0.17359354
28,159,0.34727687
28,160,0.40746337
28,161,0.17380884
28,162,0.32108343
28,163,0.39121395
28,164,0.21740125
28,165,0.44063935
28,166,0.32078922
28,167,0.34690773
29,0,0.40766948
29,1,0.49423188
29,2,0.21722478
29,3,0.13058707
29,4,0.17387325
29,5,0.17388526
29,6,0.17420956
29,7,0.17384176
29,8,0.33636427
29,9,0.30392456
29,10,0.26061088
29,11,0.087103084
29,12,0.32027537
29,13,0.4068262
29,14,0.17375758
29,15,0.33670703
29,16,0.32036287
29,17,0.13061532
29,18,0.33674467
29,19,0.27764738
29,20,0.26076096
29,21,0.13038117
29,22,0.3041597
29,23,0.3219525
29,24,0.3376161
29,25,0.3205132
29,26,0.21713758
29,27,0.5103585
29,28,0.27742517
29,29,0.40799296
29,30,0.3645329
29,31,0.39089608
29,32,0.40765363
29,33,0.303971
29,34,0.2335226
29,35,0.2933213
29,36,0.3906604
29,37,0.40705442
29,38,0.37957713
29,39,0.17511128
29,40,0.32072094
29,41,0.32050183
29,42,0.4069278
29,43,0.17373943
29,44,0.30433458
29,45,0.2605727
29,46,0.14615682
29,47,0.32152367
29,48,0.27722
29,49,0.17370068
29,50,0.21777937
29,51,0.17369118
29,52,0.30407482
29,53,0.27708587
29,54,0.21736
29,55,0.23374532
29,56,0.17392346
29,57,0.33669645
29,58,0.22511798
29,59,0.13060787
29,60,0.32086268
29,61,0.27712882
29,62,0.27660862
29,63,0.32105488
29,64,0.2606654
29,65,0.26054886
29,66,0.3204435
29,67,0.21769568
29,68,0.4068924
29,69,0.37980723
29,70,0.32103997
29,71,0.32105792
29,72,0.27697533
29,73,0.43502304
29,74,0.26066786
29,75,0.3206609
29,76,0.21733418
29,77,0.21751621
29,78,0.3911901
29,79,0.3641799
29,80,0.26100695
29,81,0.40719587
29,82,0.21684366
29,83,0.3040452
29,84,0.250732
29,85,0.26062447
29,86,0.26109716
29,87,0.4843461
29,88,0.27667177
29,89,0.14753361
29,90,0.38124514
29,91,0.21724539
29,92,0.1304098
29,93,0.303784
29,94,0.3249662
29,95,0.36359513
29,96,0.3038673
29,97,0.1739966
29,98,0.2338137
29,99,0.34756577
29,100,0.21727237
29,101,0.32059586
29,102,0.3650468
29,103,0.2605715
29,104,0.26132601
29,105,0.3227836
29,106,0.3045098
29,107,0.25003353
29,108,0.27687907
29,109,0.3634436
29,110,0.39139086
29,111,0.23452327
29,112,0.32050323
29,113,0.45090815
29,114,0.35350323
29,115,0.26088405
29,116,0.38042206
29,117,0.3639868
29,118,0.3202721
29,119,0.4840929
29,120,0.21731636
29,121,0.36366212
29,122,0.13077629
29,123,0.21744272
29,124,0.26083177
29,125,0.40720528
29,126,0.277008
29,127,0.32045418
29,128,0.3469647
29,129,0.3417933
29,130,0.38459712
29,131,0.37985918
29,132,0.14687677
29,133,0.3221047
29,134,0.33696854
29,135,0.32046667
29,136,0.30485183
29,137,0.21723592
29,138,0.087369345
29,139,0.34755057
29,140,0.1308184
29,141,0.27692187
29,142,0.21727917
29,143,0.21727785
29,144,0.17396069
29,145,0.13098595
29,146,0.30399615
29,147,0.21740565
29,148,0.3204044
29,149,0.2177679
29,150,0.30409718
29,151,0.30436352
29,152,0.54183024
29,153,0.30393362
29,154,0.2769733
29,155,0.2768101
29,156,0.2606088
29,157,0.23429283
29,158,0.27748305
29,159,0.38010764
29,160,0.27782905
29,161,0.34777462
29,162,0.26058185
29,163,0.3044346
29,164,0.30462116
29,165,0.30425897
29,166,0.2170775
29,167,0.11612104
30,0,0.21814859
30,1,0.19059026
30,2,0.43954706
30,3,0.17428204
30,4,0.3635254
30,5,0.51047313
30,6,0.36330503
30,7,0.32027632
30,8,0.29345465
30,9,0.43995848
30,10,0.23369446
30,11,0.32123446
30,12,0.2768821
30,13,0.27763838
30,14,0.38268855
30,15,0.32043248
30,16,0.13059184
30,17,0.17425065
30,18,0.2176854
30,19,0.2767794
30,20,0.34704658
30,21,0.21720809
30,22,0.32032895
30,23,0.27678645
30,24,0.33904994
30,25,0.08786775
30,26,0.3962608
30,27,0.5531532
30,28,0.50581145
30,29,0.3200673
30,30,0.2769035
30,31,0.34822166
30,32,0.34729636
30,33,0.4506849
30,34,0.23352018
30,35,0.21700418
30,36,0.40679914
30,37,0.17370373
30,38,0.2605966
30,39,0.277067
30,40,0.2602548
30,41,0.2608049
30,42,0.32012543
30,43,0.34762982
30,44,0.21779661
30,45,0.13044417
30,46,0.2934271
30,47,0.3205226
30,48,0.26045495
30,49,0.5097778
30,50,0.27715892
30,51,0.17388725
30,52,0.13031188
30,53,0.27740702
30,54,0.542812
30,55,0.17381382
30,56,0.23325919
30,57,0.17392392
30,58,0.30396336
30,59,0.3037084
30,60,0.42392272
30,61,0.17391858
30,62,0.29359955
30,63,0.3647564
30,64,0.32098913
30,65,0.3202036
30,66,0.26096597
30,67,0.3640005
30,68,0.27686396
30,69,0.21692413
30,70,0.27763808
30,71,0.32034838
30,72,0.23400778
30,73,0.4671575
30,74,0.34797204
30,75,0.3204264
30,76,0.26119924
30,77,0.27686483
30,78,0.17381626
30,79,0.36387455
30,80,0.1749742
30,81,0.38084924
30,82,0.27769867
30,83,0.27659526
30,84,0.13039191
30,85,0.17390302
30,86,0.1738036
30,87,0.36366886
30,88,0.32069108
30,89,0.30791235
30,90,0.27739716
30,91,0.17404984
30,92,0.2606659
30,93,0.44994074
30,94,0.1306563
30,95,0.27692142
30,96,0.1737242
30,97,0.30477446
30,98,0.2333081
30,99,0.34701365
30,100,0.2170194
30,101,0.42341813
30,102,0.2768489
30,103,0.32011694
30,104,0.26069742
30,105,0.40687442
30,106,0.3540401
30,107,0.35184976
30,108,0.17401859
30,109,0.30421746
30,110,0.13051116
30,111,0.17398639
30,112,0.52647704
30,113,0.4501769
30,114,0.17397477
30,115,0.23377217
30,116,0.21710885
30,117,0.42551112
30,118,0.2932405
30,119,0.4835586
30,120,0.33642375
30,121,0.4080673
30,122,0.38024443
30,123,0.26041275
30,124,0.08744651
30,125,0.36392272
30,126,0.55336833
30,127,0.13039128
30,128,0.23367605
30,129,0.4502722
30,130,0.4836717
30,131,0.4394014
30,132,0.36416027
30,133,0.26041186
30,134,0.17370439
30,135,0.1737593
30,136,0.54499567
30,137,0.26065433
30,138,0.2605735
30,139,0.30370593
30,140,0.3373915
30,141,0.13052362
30,142,0.26190576
30,143,0.30435508
30,144,0.13057941
30,145,0.19005579
30,146,0.21690594
30,147,0.3046203
30,148,0.23396847
30,149,0.26062644
30,150,0.23437032
30,151,0.23351654
30,152,0.33665916
30,153,0.33651912
30,154,0.08702353
30,155,0.21779132
30,156,0.38046515
30,157,0.13010487
30,158,0.32194754
30,159,0.27737987
30,160,0.38004565
30,161,0.32027817
30,162,0.21753141
30,163,0.26190177
30,164,0.17378354
30,165,0.21777797
30,166,0.26136398
30,167,7.0493275e-05
