epoch,batch,train_loss
1,0,1.0159407
1,1,0.84104276
1,2,1.0967131
1,3,0.9560424
1,4,0.7801151
1,5,0.59059787
1,6,0.8304919
1,7,0.8762281
1,8,0.9424269
1,9,0.85554886
1,10,1.1077185
1,11,0.753062
1,12,0.92135227
1,13,0.6493257
1,14,0.93430984
1,15,0.967342
1,16,0.69969803
1,17,0.69932485
1,18,1.0986825
1,19,0.6411159
1,20,0.87032473
1,21,0.8147751
1,22,0.9296377
1,23,0.6612012
1,24,0.6860174
1,25,0.6921252
1,26,0.7934419
1,27,1.2397935
1,28,0.8068355
1,29,0.6357212
1,30,0.465521
1,31,0.5286084
1,32,0.53226304
1,33,0.8111957
1,34,0.7085495
1,35,0.8669132
1,36,0.89640325
1,37,0.56107974
1,38,0.90623873
1,39,0.907199
1,40,0.6790385
1,41,0.93566597
1,42,1.0480156
1,43,0.74844813
1,44,0.65571713
1,45,0.81831896
1,46,0.5914511
1,47,0.867213
1,48,0.5458151
1,49,0.9170265
1,50,0.56515753
1,51,0.9367065
1,52,0.6056665
1,53,0.6007095
1,54,0.67087436
1,55,0.6553855
1,56,0.55923784
1,57,0.57453614
1,58,0.7556524
1,59,0.52773994
1,60,0.72470605
1,61,0.73182195
1,62,0.6780452
1,63,1.1123216
1,64,0.6621944
1,65,0.6289035
1,66,0.5527481
1,67,0.57093096
1,68,0.96756315
1,69,0.87491244
1,70,0.45157218
1,71,0.66343594
1,72,0.8205216
1,73,0.8593408
1,74,0.51981694
1,75,0.77476233
1,76,0.78086746
1,77,0.6110543
1,78,0.71722686
1,79,0.52609706
1,80,0.72813797
1,81,0.65650564
1,82,0.6661353
1,83,0.73683167
1,84,0.40974715
1,85,0.6734575
1,86,0.51762545
1,87,0.9855827
1,88,0.65386295
1,89,0.67872155
1,90,0.75930965
1,91,0.43467918
1,92,0.41052222
1,93,0.5261946
1,94,0.8740554
1,95,0.79914176
1,96,0.652322
1,97,0.9364855
1,98,1.0271615
1,99,0.549173
1,100,0.85420763
1,101,0.56750154
1,102,0.5160098
1,103,0.5332763
1,104,0.66715443
1,105,0.5593251
1,106,0.48223218
1,107,0.64815015
1,108,0.49069503
1,109,0.4859529
1,110,0.620873
1,111,0.6670608
1,112,0.6070252
1,113,0.92097145
1,114,0.60309255
1,115,1.0558305
1,116,0.54401827
1,117,0.62869763
1,118,1.0031397
1,119,0.7240559
1,120,0.72727394
1,121,0.75247467
1,122,0.94193256
1,123,0.6289314
1,124,0.9944512
1,125,0.5742258
1,126,0.6749974
1,127,0.62960845
1,128,0.5180079
1,129,0.6126067
1,130,0.9124249
1,131,0.8312571
1,132,0.7550194
1,133,0.9039196
1,134,0.64256287
1,135,0.5628016
1,136,0.40946072
1,137,0.77499175
1,138,0.7136865
1,139,0.42883563
1,140,0.47148967
1,141,0.458906
1,142,0.5993396
1,143,0.70824033
1,144,0.6318172
1,145,0.68016183
1,146,0.62028843
1,147,0.5932521
1,148,0.575106
1,149,0.57454157
1,150,1.0108976
1,151,0.866627
1,152,0.5171181
1,153,0.80504984
1,154,0.7017523
1,155,0.00043155425
2,0,0.4278404
2,1,0.41150215
2,2,0.32142448
2,3,0.48742893
2,4,0.53234696
2,5,0.30393958
2,6,0.5656432
2,7,0.6971286
2,8,0.49361026
2,9,0.6893529
2,10,0.39455834
2,11,0.5216425
2,12,0.6674466
2,13,0.65605146
2,14,0.5228946
2,15,0.6863705
2,16,0.30148256
2,17,0.6097115
2,18,0.6551711
2,19,0.65321267
2,20,0.7048181
2,21,0.7524426
2,22,0.37806082
2,23,0.54990363
2,24,0.5121872
2,25,0.46398896
2,26,0.66454434
2,27,0.4939891
2,28,0.59580165
2,29,0.67547786
2,30,0.7076653
2,31,0.6163379
2,32,0.43075463
2,33,0.5981991
2,34,0.57791287
2,35,0.5453131
2,36,0.7435452
2,37,0.4373613
2,38,0.6994207
2,39,0.65062845
2,40,0.5492202
2,41,0.61686015
2,42,0.6893413
2,43,0.45813262
2,44,0.6918152
2,45,0.54511833
2,46,0.4234053
2,47,0.73467994
2,48,0.4543771
2,49,0.6216359
2,50,0.380644
2,51,0.44073913
2,52,0.5466516
2,53,0.58648646
2,54,0.47716948
2,55,0.5139874
2,56,0.712603
2,57,0.3265673
2,58,0.4448206
2,59,0.6019396
2,60,0.6632111
2,61,0.30811504
2,62,0.38999537
2,63,0.41615838
2,64,0.73789644
2,65,0.6159837
2,66,0.4436101
2,67,0.27395022
2,68,0.5399985
2,69,0.514661
2,70,0.3405662
2,71,0.41082293
2,72,0.6073274
2,73,0.5663059
2,74,0.5791105
2,75,0.40240866
2,76,0.59269124
2,77,0.75796854
2,78,0.5928458
2,79,0.46254158
2,80,0.5323645
2,81,0.35611844
2,82,0.5802166
2,83,0.67902756
2,84,0.51811385
2,85,0.44888088
2,86,0.375591
2,87,0.71771014
2,88,0.6182772
2,89,0.7242757
2,90,0.69393754
2,91,0.6193193
2,92,0.5694325
2,93,0.49250036
2,94,0.37188578
2,95,0.5684282
2,96,0.6047832
2,97,0.38898665
2,98,0.48570687
2,99,0.30426133
2,100,0.58440125
2,101,0.3579429
2,102,0.47871396
2,103,0.55586636
2,104,0.48293412
2,105,0.33788568
2,106,0.60046506
2,107,0.27650997
2,108,0.4700264
2,109,0.4057089
2,110,0.37779903
2,111,0.44705936
2,112,0.36738235
2,113,0.5262052
2,114,0.4062416
2,115,0.47977996
2,116,0.45919132
2,117,0.5168606
2,118,0.66500115
2,119,0.45940048
2,120,0.55103576
2,121,0.25885266
2,122,0.47837895
2,123,0.5132334
2,124,0.36338925
2,125,0.33562654
2,126,0.38422716
2,127,0.5285913
2,128,0.5417621
2,129,0.33421123
2,130,0.7355692
2,131,0.50914073
2,132,0.25541997
2,133,0.53351426
2,134,0.52990806
2,135,0.5753027
2,136,0.39338738
2,137,0.60713303
2,138,0.64953464
2,139,0.47779632
2,140,0.6406586
2,141,0.75313115
2,142,0.5164823
2,143,0.3979786
2,144,0.63868576
2,145,0.59344685
2,146,0.49979216
2,147,0.4920576
2,148,0.5963949
2,149,0.43464628
2,150,0.2938578
2,151,0.43052334
2,152,0.5931064
2,153,0.43449715
2,154,0.64309
2,155,0.3472101
3,0,0.592291
3,1,0.52594864
3,2,0.3791108
3,3,0.3361435
3,4,0.34289145
3,5,0.3554873
3,6,0.38080168
3,7,0.4486395
3,8,0.42366913
3,9,0.5739524
3,10,0.5064005
3,11,0.53681636
3,12,0.39166477
3,13,0.5842431
3,14,0.5182868
3,15,0.3586598
3,16,0.7922579
3,17,0.40239072
3,18,0.35811442
3,19,0.25310582
3,20,0.43511885
3,21,0.5993633
3,22,0.72098553
3,23,0.36235315
3,24,0.3756435
3,25,0.3338387
3,26,0.6480111
3,27,0.41546836
3,28,0.32719672
3,29,0.56476176
3,30,0.49181062
3,31,0.40263987
3,32,0.3358261
3,33,0.5443816
3,34,0.39262378
3,35,0.46360177
3,36,0.282628
3,37,0.35287142
3,38,0.5154996
3,39,0.47258967
3,40,0.48203954
3,41,0.429102
3,42,0.44970077
3,43,0.76508164
3,44,0.3824171
3,45,0.4331944
3,46,0.3851095
3,47,0.33417577
3,48,0.37521014
3,49,0.39052087
3,50,0.40556613
3,51,0.3446406
3,52,0.309884
3,53,0.66055036
3,54,0.7456745
3,55,0.5239867
3,56,0.5649838
3,57,0.43095475
3,58,0.46946254
3,59,0.60263467
3,60,0.4598633
3,61,0.39258528
3,62,0.6616876
3,63,0.6515454
3,64,0.5614176
3,65,0.38053966
3,66,0.4357512
3,67,0.48695803
3,68,0.4330044
3,69,0.39715695
3,70,0.46338373
3,71,0.7544906
3,72,0.52527905
3,73,0.46736568
3,74,0.20939958
3,75,0.59635127
3,76,0.45738298
3,77,0.4168986
3,78,0.4111538
3,79,0.5712726
3,80,0.6484249
3,81,0.47562855
3,82,0.28859997
3,83,0.49788946
3,84,0.473056
3,85,0.4909513
3,86,0.36141825
3,87,0.6627265
3,88,0.537411
3,89,0.5115819
3,90,0.5110791
3,91,0.43714043
3,92,0.6311995
3,93,0.40976715
3,94,0.4184791
3,95,0.44287035
3,96,0.30558395
3,97,0.51211
3,98,0.46184596
3,99,0.46840814
3,100,0.41074938
3,101,0.29312697
3,102,0.38240257
3,103,0.41445887
3,104,0.42734537
3,105,0.5479568
3,106,0.32971683
3,107,0.60277754
3,108,0.5651534
3,109,0.6524755
3,110,0.33814853
3,111,0.2983089
3,112,0.5714457
3,113,0.43712783
3,114,0.374367
3,115,0.51126885
3,116,0.428765
3,117,0.5890609
3,118,0.53841794
3,119,0.31823814
3,120,0.48572633
3,121,0.42647392
3,122,0.36648506
3,123,0.2837951
3,124,0.34783402
3,125,0.4741557
3,126,0.49522692
3,127,0.7800304
3,128,0.56672454
3,129,0.30677074
3,130,0.47503585
3,131,0.2578699
3,132,0.49754992
3,133,0.28206655
3,134,0.65611184
3,135,0.5009994
3,136,0.54243827
3,137,0.39605612
3,138,0.622774
3,139,0.42977697
3,140,0.5895966
3,141,0.55384815
3,142,0.4502334
3,143,0.49831885
3,144,0.39705575
3,145,0.53961295
3,146,0.32617962
3,147,0.383748
3,148,0.33084178
3,149,0.5917729
3,150,0.4476788
3,151,0.5824637
3,152,0.4224413
3,153,0.27632803
3,154,0.2553075
3,155,0.00017867549
4,0,0.4601556
4,1,0.38952196
4,2,0.30139017
4,3,0.36263955
4,4,0.3720734
4,5,0.40240192
4,6,0.470963
4,7,0.4944629
4,8,0.51886725
4,9,0.36459532
4,10,0.5172852
4,11,0.28612798
4,12,0.57930183
4,13,0.6556598
4,14,0.49423677
4,15,0.4434496
4,16,0.5218751
4,17,0.36195213
4,18,0.69859
4,19,0.4417131
4,20,0.4738577
4,21,0.2876633
4,22,0.40607578
4,23,0.2774852
4,24,0.49678534
4,25,0.34982002
4,26,0.3410074
4,27,0.4943408
4,28,0.30849093
4,29,0.38399228
4,30,0.60752
4,31,0.34554166
4,32,0.5408131
4,33,0.3935488
4,34,0.43252465
4,35,0.47178787
4,36,0.26382607
4,37,0.32903206
4,38,0.4566136
4,39,0.38606608
4,40,0.5489946
4,41,0.7005724
4,42,0.377351
4,43,0.6343969
4,44,0.37697923
4,45,0.35936546
4,46,0.5470789
4,47,0.6269733
4,48,0.49595425
4,49,0.47812927
4,50,0.39637786
4,51,0.2979961
4,52,0.5348349
4,53,0.5258056
4,54,0.347308
4,55,0.36881566
4,56,0.4634256
4,57,0.39938885
4,58,0.36494315
4,59,0.4818405
4,60,0.5284064
4,61,0.37708464
4,62,0.49460766
4,63,0.46270698
4,64,0.4404184
4,65,0.16247255
4,66,0.24432772
4,67,0.51689
4,68,0.47022074
4,69,0.54328895
4,70,0.4433316
4,71,0.6597445
4,72,0.40226042
4,73,0.48742515
4,74,0.5188419
4,75,0.2223396
4,76,0.5490594
4,77,0.26679337
4,78,0.44068652
4,79,0.49272114
4,80,0.38487327
4,81,0.53166926
4,82,0.32856536
4,83,0.27212864
4,84,0.5299283
4,85,0.39491624
4,86,0.58270836
4,87,0.37603018
4,88,0.40217218
4,89,0.26679406
4,90,0.3473984
4,91,0.30078763
4,92,0.31137443
4,93,0.27778107
4,94,0.5380602
4,95,0.4185449
4,96,0.44938144
4,97,0.43237293
4,98,0.45661262
4,99,0.55840266
4,100,0.589316
4,101,0.5537509
4,102,0.38295037
4,103,0.5515488
4,104,0.44818106
4,105,0.20463939
4,106,0.38907677
4,107,0.44526756
4,108,0.49318045
4,109,0.17822555
4,110,0.3691846
4,111,0.36770356
4,112,0.378483
4,113,0.40691316
4,114,0.465182
4,115,0.518936
4,116,0.3996246
4,117,0.33696327
4,118,0.41886008
4,119,0.45300394
4,120,0.51835907
4,121,0.53474295
4,122,0.3307831
4,123,0.5669557
4,124,0.5398518
4,125,0.4584399
4,126,0.5792676
4,127,0.58365095
4,128,0.40823394
4,129,0.31983876
4,130,0.49687353
4,131,0.4460414
4,132,0.6523274
4,133,0.4992091
4,134,0.30355117
4,135,0.56135076
4,136,0.54202276
4,137,0.66428375
4,138,0.59608173
4,139,0.3027408
4,140,0.36630708
4,141,0.55397534
4,142,0.3523261
4,143,0.26347446
4,144,0.53747606
4,145,0.39473635
4,146,0.41291043
4,147,0.25363508
4,148,0.58384216
4,149,0.45559877
4,150,0.6083195
4,151,0.49727136
4,152,0.35235602
4,153,0.24474178
4,154,0.3902981
4,155,0.00072976213
5,0,0.44454974
5,1,0.4777196
5,2,0.48075038
5,3,0.47457236
5,4,0.47713357
5,5,0.45096183
5,6,0.41673326
5,7,0.45924094
5,8,0.30038145
5,9,0.3042763
5,10,0.3241269
5,11,0.30242035
5,12,0.39056093
5,13,0.2985105
5,14,0.545909
5,15,0.5248907
5,16,0.3679474
5,17,0.40350354
5,18,0.30769777
5,19,0.56207913
5,20,0.4520314
5,21,0.21962656
5,22,0.3265242
5,23,0.25287828
5,24,0.3755446
5,25,0.53291595
5,26,0.26174337
5,27,0.2912885
5,28,0.4978162
5,29,0.39090014
5,30,0.37379158
5,31,0.5105592
5,32,0.36252356
5,33,0.27709284
5,34,0.49212578
5,35,0.4234456
5,36,0.408539
5,37,0.43528855
5,38,0.14705747
5,39,0.42366862
5,40,0.57821506
5,41,0.34493065
5,42,0.36327487
5,43,0.3592789
5,44,0.47194594
5,45,0.39522883
5,46,0.35566548
5,47,0.58886063
5,48,0.3639068
5,49,0.32479692
5,50,0.4353944
5,51,0.3884985
5,52,0.39492846
5,53,0.3080839
5,54,0.42415774
5,55,0.58670175
5,56,0.3546034
5,57,0.37133285
5,58,0.4083615
5,59,0.43809557
5,60,0.51747924
5,61,0.5942114
5,62,0.43500796
5,63,0.41975987
5,64,0.36756995
5,65,0.61764073
5,66,0.25576472
5,67,0.31854248
5,68,0.2687837
5,69,0.3776863
5,70,0.27757928
5,71,0.47004363
5,72,0.28451395
5,73,0.27281323
5,74,0.39431253
5,75,0.536143
5,76,0.5247354
5,77,0.54993635
5,78,0.3909839
5,79,0.34642506
5,80,0.5998533
5,81,0.46680212
5,82,0.34604758
5,83,0.4554916
5,84,0.3850137
5,85,0.42792237
5,86,0.25204504
5,87,0.49582914
5,88,0.48495632
5,89,0.6426498
5,90,0.25983462
5,91,0.36357316
5,92,0.5556199
5,93,0.65123063
5,94,0.43594182
5,95,0.4261182
5,96,0.30204296
5,97,0.48458594
5,98,0.6036508
5,99,0.45807242
5,100,0.30151942
5,101,0.35635328
5,102,0.47277176
5,103,0.31722084
5,104,0.4858085
5,105,0.4365784
5,106,0.34859335
5,107,0.15802819
5,108,0.34660855
5,109,0.48926705
5,110,0.4002507
5,111,0.5290556
5,112,0.46118888
5,113,0.5758822
5,114,0.32221925
5,115,0.46826196
5,116,0.44997704
5,117,0.44461733
5,118,0.47113544
5,119,0.38820195
5,120,0.37795427
5,121,0.39644995
5,122,0.2858873
5,123,0.4987664
5,124,0.34060398
5,125,0.52827555
5,126,0.27817672
5,127,0.40449804
5,128,0.5351918
5,129,0.42360306
5,130,0.4171027
5,131,0.19716841
5,132,0.45600975
5,133,0.36622545
5,134,0.45185518
5,135,0.3370051
5,136,0.3226984
5,137,0.25223756
5,138,0.4442993
5,139,0.2777542
5,140,0.32449508
5,141,0.38075894
5,142,0.6689167
5,143,0.36316073
5,144,0.4681245
5,145,0.49667418
5,146,0.50029016
5,147,0.50434756
5,148,0.25388896
5,149,0.46414635
5,150,0.30935428
5,151,0.5850944
5,152,0.42156363
5,153,0.31174004
5,154,0.5442705
5,155,0.1375829
6,0,0.32990515
6,1,0.46938336
6,2,0.66154265
6,3,0.38992876
6,4,0.41747093
6,5,0.6141957
6,6,0.29320496
6,7,0.29215482
6,8,0.4751557
6,9,0.4672125
6,10,0.19263686
6,11,0.27844012
6,12,0.2801826
6,13,0.3598954
6,14,0.4264531
6,15,0.41189194
6,16,0.48125118
6,17,0.43788433
6,18,0.24446538
6,19,0.28949714
6,20,0.1895749
6,21,0.28832847
6,22,0.50293434
6,23,0.37397015
6,24,0.21607009
6,25,0.35770845
6,26,0.3599484
6,27,0.19373794
6,28,0.369044
6,29,0.29325974
6,30,0.31453282
6,31,0.65597296
6,32,0.4670081
6,33,0.31930178
6,34,0.6130146
6,35,0.4593539
6,36,0.25760394
6,37,0.41303125
6,38,0.34545314
6,39,0.3837955
6,40,0.38723046
6,41,0.33736992
6,42,0.36589974
6,43,0.32343882
6,44,0.39188015
6,45,0.52348363
6,46,0.44279054
6,47,0.4180163
6,48,0.2521973
6,49,0.32366598
6,50,0.34319475
6,51,0.6109352
6,52,0.4917977
6,53,0.2684708
6,54,0.5118743
6,55,0.15128009
6,56,0.31860322
6,57,0.34045655
6,58,0.27807844
6,59,0.14505157
6,60,0.3053568
6,61,0.29367334
6,62,0.48234117
6,63,0.19564137
6,64,0.20948431
6,65,0.45981985
6,66,0.2882548
6,67,0.41873607
6,68,0.47546968
6,69,0.19914359
6,70,0.39664155
6,71,0.39049917
6,72,0.38794005
6,73,0.3223062
6,74,0.29738784
6,75,0.67525136
6,76,0.33348474
6,77,0.30060545
6,78,0.54080933
6,79,0.20810589
6,80,0.3119727
6,81,0.39173484
6,82,0.57129884
6,83,0.25464416
6,84,0.3707049
6,85,0.436356
6,86,0.45130765
6,87,0.41199672
6,88,0.33957455
6,89,0.30030328
6,90,0.41645193
6,91,0.32603556
6,92,0.47258145
6,93,0.47729832
6,94,0.44045866
6,95,0.42971492
6,96,0.38576537
6,97,0.37536547
6,98,0.33145863
6,99,0.29593092
6,100,0.4302107
6,101,0.32587284
6,102,0.6520413
6,103,0.40907598
6,104,0.3497855
6,105,0.3563254
6,106,0.3614444
6,107,0.42157418
6,108,0.3109774
6,109,0.2689051
6,110,0.36058915
6,111,0.46555084
6,112,0.26634157
6,113,0.60925937
6,114,0.5075503
6,115,0.261719
6,116,0.34380034
6,117,0.39270627
6,118,0.2965563
6,119,0.27343595
6,120,0.47505134
6,121,0.4362553
6,122,0.2952524
6,123,0.5266751
6,124,0.32120708
6,125,0.25812727
6,126,0.39674193
6,127,0.33444172
6,128,0.37534195
6,129,0.34577388
6,130,0.27120864
6,131,0.30177224
6,132,0.36101633
6,133,0.21903548
6,134,0.3492172
6,135,0.355206
6,136,0.4439901
6,137,0.4755193
6,138,0.3712107
6,139,0.34074825
6,140,0.4813708
6,141,0.44360548
6,142,0.5382471
6,143,0.3266133
6,144,0.32233942
6,145,0.40592653
6,146,0.3663114
6,147,0.46426022
6,148,0.35105264
6,149,0.35403436
6,150,0.50623244
6,151,0.53537667
6,152,0.6849774
6,153,0.289065
6,154,0.36606443
6,155,0.00011548768
7,0,0.47870582
7,1,0.2940163
7,2,0.3976738
7,3,0.42437932
7,4,0.29212183
7,5,0.35026255
7,6,0.43151337
7,7,0.26941866
7,8,0.39666164
7,9,0.526822
7,10,0.35714504
7,11,0.35501763
7,12,0.23798332
7,13,0.43613866
7,14,0.3275294
7,15,0.49656105
7,16,0.253605
7,17,0.22758064
7,18,0.39793202
7,19,0.31334144
7,20,0.30999547
7,21,0.43209815
7,22,0.28049242
7,23,0.26968533
7,24,0.5393458
7,25,0.30769002
7,26,0.391487
7,27,0.44242585
7,28,0.25615063
7,29,0.40642133
7,30,0.26690578
7,31,0.21286988
7,32,0.4024569
7,33,0.38248324
7,34,0.47956592
7,35,0.48304433
7,36,0.42047244
7,37,0.33846873
7,38,0.38387418
7,39,0.45657587
7,40,0.313203
7,41,0.43050086
7,42,0.4802842
7,43,0.28630987
7,44,0.19753146
7,45,0.1991397
7,46,0.4769144
7,47,0.35423297
7,48,0.5524738
7,49,0.2689722
7,50,0.2643095
7,51,0.4550828
7,52,0.27319553
7,53,0.49004167
7,54,0.34668794
7,55,0.27787542
7,56,0.2961272
7,57,0.34768665
7,58,0.57046604
7,59,0.50394815
7,60,0.41105798
7,61,0.44093564
7,62,0.36471573
7,63,0.42181137
7,64,0.3778301
7,65,0.24183087
7,66,0.5721243
7,67,0.20372984
7,68,0.3138682
7,69,0.40458828
7,70,0.2971127
7,71,0.43641466
7,72,0.37481612
7,73,0.3239646
7,74,0.57109797
7,75,0.4383405
7,76,0.20346966
7,77,0.2962184
7,78,0.49322677
7,79,0.19982845
7,80,0.39910415
7,81,0.29272076
7,82,0.45581883
7,83,0.36057776
7,84,0.61143976
7,85,0.43374264
7,86,0.35502434
7,87,0.50685036
7,88,0.28637826
7,89,0.3395934
7,90,0.36498553
7,91,0.30988085
7,92,0.49075574
7,93,0.42663997
7,94,0.40069735
7,95,0.34647167
7,96,0.28414202
7,97,0.24775718
7,98,0.27483404
7,99,0.5716065
7,100,0.5101098
7,101,0.38681197
7,102,0.30849415
7,103,0.23513888
7,104,0.19139339
7,105,0.41255453
7,106,0.18003051
7,107,0.4136361
7,108,0.50009453
7,109,0.35431698
7,110,0.36258924
7,111,0.38155675
7,112,0.56760156
7,113,0.34894136
7,114,0.23820326
7,115,0.41266507
7,116,0.43563092
7,117,0.3905384
7,118,0.29448348
7,119,0.3252263
7,120,0.34238833
7,121,0.689029
7,122,0.39064485
7,123,0.47178555
7,124,0.327976
7,125,0.38222325
7,126,0.46292192
7,127,0.2474013
7,128,0.40593934
7,129,0.39309746
7,130,0.4642586
7,131,0.4245895
7,132,0.46397823
7,133,0.35081235
7,134,0.28846914
7,135,0.2911257
7,136,0.31417054
7,137,0.460247
7,138,0.29364288
7,139,0.42327982
7,140,0.5613538
7,141,0.40038735
7,142,0.425129
7,143,0.3347675
7,144,0.26974615
7,145,0.3362404
7,146,0.5644247
7,147,0.35872638
7,148,0.34824228
7,149,0.41311783
7,150,0.29037333
7,151,0.31225255
7,152,0.4240933
7,153,0.37728584
7,154,0.31358737
7,155,3.2349664e-05
8,0,0.26316717
8,1,0.37867168
8,2,0.50736547
8,3,0.3552349
8,4,0.23566326
8,5,0.510493
8,6,0.4208736
8,7,0.37497306
8,8,0.33448714
8,9,0.3535469
8,10,0.29776096
8,11,0.45013702
8,12,0.3127197
8,13,0.15311298
8,14,0.36704773
8,15,0.5252704
8,16,0.24100779
8,17,0.33113807
8,18,0.30480447
8,19,0.24687394
8,20,0.2875669
8,21,0.38627565
8,22,0.45758644
8,23,0.34558135
8,24,0.31733382
8,25,0.36865464
8,26,0.40900308
8,27,0.40114966
8,28,0.15787448
8,29,0.3704843
8,30,0.41395327
8,31,0.5933426
8,32,0.4671471
8,33,0.35033214
8,34,0.39761007
8,35,0.36353797
8,36,0.2856943
8,37,0.2337588
8,38,0.38486415
8,39,0.41509238
8,40,0.23192914
8,41,0.41154176
8,42,0.27725488
8,43,0.22031344
8,44,0.207899
8,45,0.24768288
8,46,0.343812
8,47,0.18303928
8,48,0.152426
8,49,0.42021987
8,50,0.3907393
8,51,0.13661069
8,52,0.5445678
8,53,0.49296117
8,54,0.24213143
8,55,0.40662563
8,56,0.24510957
8,57,0.3101161
8,58,0.4503374
8,59,0.35591435
8,60,0.39227355
8,61,0.34499386
8,62,0.39437556
8,63,0.40187383
8,64,0.49053246
8,65,0.4057477
8,66,0.2909727
8,67,0.35901788
8,68,0.3723347
8,69,0.418469
8,70,0.37262398
8,71,0.22673605
8,72,0.35323685
8,73,0.42370397
8,74,0.37066996
8,75,0.47271365
8,76,0.18403026
8,77,0.5182809
8,78,0.28469932
8,79,0.48033616
8,80,0.39496428
8,81,0.3644454
8,82,0.25057998
8,83,0.2601366
8,84,0.44506213
8,85,0.3318221
8,86,0.43185616
8,87,0.28486854
8,88,0.3413063
8,89,0.5168346
8,90,0.255027
8,91,0.32529098
8,92,0.46402422
8,93,0.32908356
8,94,0.3633331
8,95,0.36605296
8,96,0.38808644
8,97,0.36957365
8,98,0.44465107
8,99,0.61403805
8,100,0.2003408
8,101,0.537014
8,102,0.22646382
8,103,0.46128333
8,104,0.46533418
8,105,0.37680325
8,106,0.29170966
8,107,0.5213543
8,108,0.40924197
8,109,0.22621962
8,110,0.2941327
8,111,0.20419765
8,112,0.33044368
8,113,0.54338837
8,114,0.40420008
8,115,0.23329696
8,116,0.29117048
8,117,0.40495127
8,118,0.508368
8,119,0.40009493
8,120,0.33093566
8,121,0.49016052
8,122,0.26928335
8,123,0.30057496
8,124,0.5499484
8,125,0.24658215
8,126,0.42205912
8,127,0.6504282
8,128,0.39561713
8,129,0.4226801
8,130,0.28350496
8,131,0.43516105
8,132,0.29882956
8,133,0.3797819
8,134,0.49912667
8,135,0.3454172
8,136,0.33652145
8,137,0.36450288
8,138,0.4936158
8,139,0.330994
8,140,0.34430143
8,141,0.14136189
8,142,0.3594106
8,143,0.32711753
8,144,0.23204878
8,145,0.31625843
8,146,0.2977543
8,147,0.5822004
8,148,0.42473727
8,149,0.29340285
8,150,0.13834265
8,151,0.33676577
8,152,0.13911733
8,153,0.3352114
8,154,0.35389355
8,155,0.0010542786
9,0,0.39093447
9,1,0.32614964
9,2,0.3753066
9,3,0.51564145
9,4,0.2927052
9,5,0.27370086
9,6,0.37278154
9,7,0.30442524
9,8,0.37472624
9,9,0.39575428
9,10,0.45983648
9,11,0.2855261
9,12,0.36273205
9,13,0.33325484
9,14,0.3085389
9,15,0.4373424
9,16,0.41784257
9,17,0.10643847
9,18,0.41472286
9,19,0.32413435
9,20,0.4401319
9,21,0.31753075
9,22,0.40058073
9,23,0.31373644
9,24,0.19514874
9,25,0.24667716
9,26,0.33180612
9,27,0.424196
9,28,0.4633184
9,29,0.1935021
9,30,0.277899
9,31,0.4307797
9,32,0.4387581
9,33,0.22173686
9,34,0.3975351
9,35,0.32940197
9,36,0.38764387
9,37,0.2194879
9,38,0.28577566
9,39,0.28525382
9,40,0.45222265
9,41,0.31586415
9,42,0.36922404
9,43,0.37750614
9,44,0.490847
9,45,0.4676913
9,46,0.43123293
9,47,0.5264361
9,48,0.39174882
9,49,0.4279018
9,50,0.33364135
9,51,0.2885395
9,52,0.38311622
9,53,0.37733114
9,54,0.2908638
9,55,0.44320583
9,56,0.22832994
9,57,0.40460682
9,58,0.2840485
9,59,0.17759958
9,60,0.23382121
9,61,0.35919714
9,62,0.5085038
9,63,0.43796298
9,64,0.2874618
9,65,0.2791117
9,66,0.29249084
9,67,0.33827877
9,68,0.42322963
9,69,0.26802105
9,70,0.46975404
9,71,0.4511327
9,72,0.2491368
9,73,0.41647774
9,74,0.43226433
9,75,0.3486235
9,76,0.31992257
9,77,0.5231009
9,78,0.38264406
9,79,0.37129056
9,80,0.25494346
9,81,0.48089308
9,82,0.2719011
9,83,0.4057951
9,84,0.42813662
9,85,0.26458573
9,86,0.46683297
9,87,0.35864764
9,88,0.31738994
9,89,0.47643244
9,90,0.23230243
9,91,0.45432353
9,92,0.27322575
9,93,0.4802189
9,94,0.23069787
9,95,0.39289623
9,96,0.34682828
9,97,0.41964126
9,98,0.39806795
9,99,0.3428203
9,100,0.50163615
9,101,0.40310365
9,102,0.33212987
9,103,0.43528926
9,104,0.40599585
9,105,0.3298967
9,106,0.3768292
9,107,0.3375139
9,108,0.37064186
9,109,0.3521863
9,110,0.63439894
9,111,0.45092976
9,112,0.31382978
9,113,0.19935443
9,114,0.2814355
9,115,0.44539285
9,116,0.24347234
9,117,0.41328835
9,118,0.4664098
9,119,0.35275948
9,120,0.1974892
9,121,0.4609654
9,122,0.37641728
9,123,0.3746494
9,124,0.5104929
9,125,0.29863894
9,126,0.22743644
9,127,0.343552
9,128,0.18027884
9,129,0.3116112
9,130,0.4387914
9,131,0.5246431
9,132,0.51577544
9,133,0.4804765
9,134,0.33077866
9,135,0.36678338
9,136,0.45927542
9,137,0.34412503
9,138,0.48719013
9,139,0.3778569
9,140,0.36050797
9,141,0.23832127
9,142,0.3578685
9,143,0.39293563
9,144,0.40853748
9,145,0.5013919
9,146,0.33138043
9,147,0.24882814
9,148,0.533232
9,149,0.31983083
9,150,0.60350823
9,151,0.29059392
9,152,0.27104196
9,153,0.3091781
9,154,0.47314262
9,155,0.43957427
10,0,0.27810186
10,1,0.37919217
10,2,0.28625408
10,3,0.42900455
10,4,0.5216677
10,5,0.18550861
10,6,0.26713416
10,7,0.4020037
10,8,0.29929188
10,9,0.15422982
10,10,0.31410354
10,11,0.19236112
10,12,0.5296612
10,13,0.30290014
10,14,0.44319105
10,15,0.20325065
10,16,0.37075728
10,17,0.28936893
10,18,0.41722637
10,19,0.26842222
10,20,0.3042459
10,21,0.33410397
10,22,0.36944577
10,23,0.34307104
10,24,0.46304184
10,25,0.36549833
10,26,0.34538323
10,27,0.57106334
10,28,0.23295578
10,29,0.28801364
10,30,0.31787217
10,31,0.32875276
10,32,0.36957163
10,33,0.34827337
10,34,0.22241738
10,35,0.43579984
10,36,0.42190737
10,37,0.516966
10,38,0.48993683
10,39,0.28781512
10,40,0.50467944
10,41,0.2845357
10,42,0.28096727
10,43,0.47831535
10,44,0.5364421
10,45,0.35744393
10,46,0.35105425
10,47,0.5385134
10,48,0.379107
10,49,0.38244015
10,50,0.3495938
10,51,0.23844627
10,52,0.50431705
10,53,0.37899062
10,54,0.2792407
10,55,0.34972686
10,56,0.287162
10,57,0.46529144
10,58,0.34524965
10,59,0.4294847
10,60,0.35556865
10,61,0.38450217
10,62,0.20907454
10,63,0.3510303
10,64,0.19029027
10,65,0.3574014
10,66,0.4703845
10,67,0.39237475
10,68,0.42040107
10,69,0.2271102
10,70,0.49811316
10,71,0.3574264
10,72,0.376458
10,73,0.32516742
10,74,0.54542136
10,75,0.40775195
10,76,0.3956042
10,77,0.30307937
10,78,0.29037192
10,79,0.3763692
10,80,0.4707448
10,81,0.60323066
10,82,0.24049367
10,83,0.33501202
10,84,0.34988397
10,85,0.09379403
10,86,0.39743203
10,87,0.25862283
10,88,0.20244537
10,89,0.56391525
10,90,0.28891155
10,91,0.34072107
10,92,0.3991226
10,93,0.43745714
10,94,0.27157143
10,95,0.17275292
10,96,0.2904646
10,97,0.45468393
10,98,0.4402405
10,99,0.2300587
10,100,0.24775943
10,101,0.13527578
10,102,0.41202074
10,103,0.4007995
10,104,0.23939216
10,105,0.43775135
10,106,0.31510603
10,107,0.35220575
10,108,0.32612413
10,109,0.28854516
10,110,0.39760453
10,111,0.26635018
10,112,0.64506924
10,113,0.5399289
10,114,0.23859489
10,115,0.3123572
10,116,0.36516452
10,117,0.26409373
10,118,0.5902456
10,119,0.39112842
10,120,0.5239552
10,121,0.34865603
10,122,0.38727826
10,123,0.4084032
10,124,0.27147153
10,125,0.27838144
10,126,0.46599656
10,127,0.27476913
10,128,0.28803214
10,129,0.32009524
10,130,0.40745288
10,131,0.28524655
10,132,0.46408787
10,133,0.27150184
10,134,0.3275624
10,135,0.22692579
10,136,0.28694868
10,137,0.30416
10,138,0.28140396
10,139,0.38746923
10,140,0.6030463
10,141,0.3579644
10,142,0.24826893
10,143,0.51931006
10,144,0.46826893
10,145,0.32503003
10,146,0.44923538
10,147,0.34705317
10,148,0.44087964
10,149,0.45255363
10,150,0.47216445
10,151,0.41781527
10,152,0.39841938
10,153,0.38156167
10,154,0.36456957
10,155,8.150021e-05
11,0,0.347975
11,1,0.43688908
11,2,0.28843525
11,3,0.22811435
11,4,0.43512547
11,5,0.28429785
11,6,0.39873892
11,7,0.48009333
11,8,0.2479226
11,9,0.34811914
11,10,0.35405612
11,11,0.431975
11,12,0.35759854
11,13,0.3803841
11,14,0.45895737
11,15,0.23967263
11,16,0.38227692
11,17,0.4517695
11,18,0.25240296
11,19,0.49074137
11,20,0.24066466
11,21,0.4541271
11,22,0.45111328
11,23,0.43644887
11,24,0.33356673
11,25,0.3413794
11,26,0.36155587
11,27,0.46513253
11,28,0.19305152
11,29,0.46446007
11,30,0.20673594
11,31,0.13725421
11,32,0.4308622
11,33,0.2691977
11,34,0.31481007
11,35,0.2708087
11,36,0.46232778
11,37,0.27571386
11,38,0.14286566
11,39,0.30090323
11,40,0.2702639
11,41,0.35665274
11,42,0.4574079
11,43,0.23117998
11,44,0.32088646
11,45,0.5323064
11,46,0.5026236
11,47,0.38523066
11,48,0.24687271
11,49,0.34501708
11,50,0.27957755
11,51,0.225093
11,52,0.29965857
11,53,0.40000296
11,54,0.18745184
11,55,0.2697532
11,56,0.43970397
11,57,0.33006862
11,58,0.38058776
11,59,0.41014397
11,60,0.34214506
11,61,0.31586644
11,62,0.4447061
11,63,0.29496467
11,64,0.41642165
11,65,0.4599617
11,66,0.17935742
11,67,0.4214432
11,68,0.15084022
11,69,0.2255585
11,70,0.5199468
11,71,0.47902542
11,72,0.5658275
11,73,0.5889778
11,74,0.5240978
11,75,0.2927361
11,76,0.44672716
11,77,0.39613828
11,78,0.3763275
11,79,0.48559076
11,80,0.3848328
11,81,0.41828173
11,82,0.35956985
11,83,0.31074607
11,84,0.38859493
11,85,0.27200514
11,86,0.22658753
11,87,0.26596874
11,88,0.26483327
11,89,0.40592653
11,90,0.2912286
11,91,0.3646863
11,92,0.38973063
11,93,0.17623602
11,94,0.4493389
11,95,0.39772034
11,96,0.38543612
11,97,0.37891614
11,98,0.52289665
11,99,0.34445128
11,100,0.38809592
11,101,0.3189034
11,102,0.27377284
11,103,0.37663403
11,104,0.4542871
11,105,0.25249934
11,106,0.291871
11,107,0.3755247
11,108,0.3152718
11,109,0.56386495
11,110,0.27115512
11,111,0.37145236
11,112,0.35265988
11,113,0.29077452
11,114,0.41135967
11,115,0.28934604
11,116,0.286349
11,117,0.30967665
11,118,0.54025054
11,119,0.13695264
11,120,0.49499774
11,121,0.3300109
11,122,0.3523999
11,123,0.33530498
11,124,0.28095508
11,125,0.3839512
11,126,0.22407627
11,127,0.5310464
11,128,0.28666204
11,129,0.41251844
11,130,0.22295484
11,131,0.28822222
11,132,0.48582166
11,133,0.37790203
11,134,0.3650247
11,135,0.26333392
11,136,0.22922549
11,137,0.3870777
11,138,0.39787233
11,139,0.51528275
11,140,0.2975422
11,141,0.43022108
11,142,0.48316672
11,143,0.3258986
11,144,0.23988765
11,145,0.27318373
11,146,0.36221123
11,147,0.5799537
11,148,0.30739713
11,149,0.4375581
11,150,0.26655304
11,151,0.4024796
11,152,0.23776156
11,153,0.2676462
11,154,0.29968736
11,155,0.0059668683
12,0,0.43295145
12,1,0.4603917
12,2,0.4631794
12,3,0.14472088
12,4,0.44322723
12,5,0.26868016
12,6,0.38238543
12,7,0.3493426
12,8,0.36912218
12,9,0.35068494
12,10,0.19076353
12,11,0.515244
12,12,0.3077792
12,13,0.26469046
12,14,0.33577138
12,15,0.41391206
12,16,0.39902195
12,17,0.5240648
12,18,0.31785178
12,19,0.26794693
12,20,0.26034588
12,21,0.3575501
12,22,0.37004682
12,23,0.37063026
12,24,0.40192288
12,25,0.19819316
12,26,0.39710465
12,27,0.37141848
12,28,0.28134856
12,29,0.5892147
12,30,0.13614357
12,31,0.40022773
12,32,0.2509312
12,33,0.43647546
12,34,0.17846487
12,35,0.39366814
12,36,0.4464818
12,37,0.22606406
12,38,0.48944438
12,39,0.18117549
12,40,0.13744417
12,41,0.37503302
12,42,0.513618
12,43,0.33906364
12,44,0.28359795
12,45,0.3342276
12,46,0.17873111
12,47,0.3184657
12,48,0.38840592
12,49,0.5512792
12,50,0.28161085
12,51,0.22407639
12,52,0.67041093
12,53,0.3102029
12,54,0.17759734
12,55,0.28377628
12,56,0.31059927
12,57,0.20905286
12,58,0.2714739
12,59,0.32767975
12,60,0.28642297
12,61,0.4235292
12,62,0.31630892
12,63,0.43891454
12,64,0.23040345
12,65,0.33829468
12,66,0.5520681
12,67,0.26623994
12,68,0.6375936
12,69,0.28339636
12,70,0.32362962
12,71,0.34643972
12,72,0.26345658
12,73,0.26474276
12,74,0.34584263
12,75,0.4777543
12,76,0.26435924
12,77,0.36875954
12,78,0.22010231
12,79,0.23236951
12,80,0.53972983
12,81,0.32354847
12,82,0.5377146
12,83,0.3447011
12,84,0.3292901
12,85,0.42805928
12,86,0.24012116
12,87,0.43332478
12,88,0.22263727
12,89,0.1795551
12,90,0.29812175
12,91,0.29729187
12,92,0.3550142
12,93,0.5250512
12,94,0.25665227
12,95,0.47367722
12,96,0.5699754
12,97,0.15231621
12,98,0.25531483
12,99,0.36986998
12,100,0.3105551
12,101,0.34257138
12,102,0.3873865
12,103,0.28354424
12,104,0.28145075
12,105,0.5625483
12,106,0.3699496
12,107,0.30976894
12,108,0.38523716
12,109,0.14857444
12,110,0.31788966
12,111,0.31972933
12,112,0.32446942
12,113,0.36090213
12,114,0.32755193
12,115,0.38781965
12,116,0.3136763
12,117,0.4555184
12,118,0.32872182
12,119,0.2212156
12,120,0.41362977
12,121,0.29971915
12,122,0.29974574
12,123,0.2682103
12,124,0.4012
12,125,0.22099335
12,126,0.37577957
12,127,0.28629667
12,128,0.26847446
12,129,0.26241803
12,130,0.5133318
12,131,0.18032613
12,132,0.42090762
12,133,0.46191764
12,134,0.3244229
12,135,0.22470999
12,136,0.33323526
12,137,0.47917008
12,138,0.35498935
12,139,0.34139764
12,140,0.38227913
12,141,0.2640186
12,142,0.5325104
12,143,0.34264266
12,144,0.28297824
12,145,0.56163204
12,146,0.22983381
12,147,0.22796196
12,148,0.47318274
12,149,0.32508266
12,150,0.5151971
12,151,0.32401764
12,152,0.21989854
12,153,0.17773461
12,154,0.32286397
12,155,3.2782477e-06
13,0,0.57087207
13,1,0.43977135
13,2,0.22065037
13,3,0.3068891
13,4,0.47552192
13,5,0.4747061
13,6,0.3135479
13,7,0.2873326
13,8,0.4066726
13,9,0.26502267
13,10,0.24144697
13,11,0.2818887
13,12,0.48263603
13,13,0.49119818
13,14,0.39451385
13,15,0.26578206
13,16,0.21958172
13,17,0.2799614
13,18,0.4306804
13,19,0.3961153
13,20,0.2799878
13,21,0.4405865
13,22,0.30773157
13,23,0.4578886
13,24,0.28388834
13,25,0.1763252
13,26,0.3128996
13,27,0.38523376
13,28,0.374076
13,29,0.41708237
13,30,0.32397455
13,31,0.44223577
13,32,0.2649088
13,33,0.28093174
13,34,0.417271
13,35,0.38778773
13,36,0.24440192
13,37,0.37042952
13,38,0.418141
13,39,0.4549775
13,40,0.3141207
13,41,0.40027118
13,42,0.32436985
13,43,0.36730057
13,44,0.4308163
13,45,0.27741092
13,46,0.3226665
13,47,0.536381
13,48,0.36985767
13,49,0.22163975
13,50,0.2957241
13,51,0.3247958
13,52,0.41513392
13,53,0.24441531
13,54,0.26292726
13,55,0.38660163
13,56,0.5079464
13,57,0.28157675
13,58,0.29727083
13,59,0.3876089
13,60,0.25683248
13,61,0.27609494
13,62,0.4130303
13,63,0.26471984
13,64,0.47190034
13,65,0.41215163
13,66,0.27303052
13,67,0.36642048
13,68,0.1868242
13,69,0.42125502
13,70,0.38310057
13,71,0.42393512
13,72,0.28175992
13,73,0.43388966
13,74,0.26482427
13,75,0.36309785
13,76,0.24114072
13,77,0.48824453
13,78,0.588608
13,79,0.308361
13,80,0.17662281
13,81,0.41079912
13,82,0.35120302
13,83,0.34478343
13,84,0.48474342
13,85,0.41209412
13,86,0.43200827
13,87,0.22081584
13,88,0.28054017
13,89,0.4155385
13,90,0.32616362
13,91,0.35063803
13,92,0.23824182
13,93,0.13916646
13,94,0.48500636
13,95,0.2602775
13,96,0.6003055
13,97,0.23715001
13,98,0.3731333
13,99,0.5058645
13,100,0.41803944
13,101,0.43536037
13,102,0.47279882
13,103,0.40851104
13,104,0.17811802
13,105,0.26914415
13,106,0.38991076
13,107,0.27168095
13,108,0.1770098
13,109,0.36769348
13,110,0.28347486
13,111,0.14917727
13,112,0.2878312
13,113,0.38752842
13,114,0.45862514
13,115,0.37094957
13,116,0.38294184
13,117,0.22173199
13,118,0.32836935
13,119,0.3566074
13,120,0.22884247
13,121,0.48595795
13,122,0.224348
13,123,0.5130728
13,124,0.4729533
13,125,0.4253429
13,126,0.3045774
13,127,0.32465935
13,128,0.17867878
13,129,0.31666154
13,130,0.23629348
13,131,0.66625446
13,132,0.42671615
13,133,0.31171417
13,134,0.42247194
13,135,0.26888698
13,136,0.17740902
13,137,0.32994172
13,138,0.21886116
13,139,0.36793125
13,140,0.31071246
13,141,0.39834708
13,142,0.47752523
13,143,0.63066113
13,144,0.3773448
13,145,0.43938315
13,146,0.26472768
13,147,0.13534126
13,148,0.29649574
13,149,0.41324848
13,150,0.32946897
13,151,0.41402698
13,152,0.29583532
13,153,0.3579517
13,154,0.4806133
13,155,0.00010517819
14,0,0.4118071
14,1,0.2307937
14,2,0.28216222
14,3,0.23665577
14,4,0.2673422
14,5,0.4570511
14,6,0.26390278
14,7,0.28289098
14,8,0.22259846
14,9,0.36954182
14,10,0.31327432
14,11,0.25207916
14,12,0.23878057
14,13,0.30753183
14,14,0.3089427
14,15,0.31192988
14,16,0.42127222
14,17,0.31654134
14,18,0.32418373
14,19,0.42554724
14,20,0.5858767
14,21,0.32545853
14,22,0.21954066
14,23,0.283275
14,24,0.5605718
14,25,0.32885122
14,26,0.47172993
14,27,0.32976252
14,28,0.45838374
14,29,0.32930285
14,30,0.1799857
14,31,0.32425553
14,32,0.26402414
14,33,0.17807755
14,34,0.26482767
14,35,0.5243496
14,36,0.17606509
14,37,0.3617639
14,38,0.32064444
14,39,0.598172
14,40,0.5031819
14,41,0.32620257
14,42,0.3241621
14,43,0.19459881
14,44,0.4270537
14,45,0.4333918
14,46,0.42937195
14,47,0.5307939
14,48,0.22541997
14,49,0.22337192
14,50,0.22407982
14,51,0.4223296
14,52,0.32705572
14,53,0.55590105
14,54,0.27010736
14,55,0.2823656
14,56,0.35420042
14,57,0.32683018
14,58,0.47759402
14,59,0.2795719
14,60,0.27390915
14,61,0.35046047
14,62,0.2868559
14,63,0.49813128
14,64,0.37609065
14,65,0.38659644
14,66,0.3064782
14,67,0.54921436
14,68,0.30718863
14,69,0.35290736
14,70,0.22232461
14,71,0.43548894
14,72,0.40121508
14,73,0.44718224
14,74,0.36892092
14,75,0.34794968
14,76,0.4649647
14,77,0.43312842
14,78,0.47120458
14,79,0.50721294
14,80,0.40495732
14,81,0.2812677
14,82,0.2282424
14,83,0.35596114
14,84,0.17781746
14,85,0.35566968
14,86,0.26270416
14,87,0.29994023
14,88,0.30122942
14,89,0.32399955
14,90,0.38437822
14,91,0.3094045
14,92,0.28118593
14,93,0.17569007
14,94,0.444924
14,95,0.3838485
14,96,0.3413958
14,97,0.32716882
14,98,0.42560428
14,99,0.35491377
14,100,0.2242583
14,101,0.32410282
14,102,0.43176004
14,103,0.22174221
14,104,0.2916305
14,105,0.35599908
14,106,0.33947417
14,107,0.326051
14,108,0.54129934
14,109,0.21952775
14,110,0.35146928
14,111,0.17827201
14,112,0.29503295
14,113,0.31422794
14,114,0.35660473
14,115,0.35289952
14,116,0.13399722
14,117,0.42631277
14,118,0.3756854
14,119,0.49224764
14,120,0.53823125
14,121,0.42124826
14,122,0.17688742
14,123,0.26877412
14,124,0.40417787
14,125,0.32407716
14,126,0.3680421
14,127,0.35910028
14,128,0.4292785
14,129,0.22107008
14,130,0.3246871
14,131,0.54523075
14,132,0.4437573
14,133,0.4128223
14,134,0.3087265
14,135,0.37058166
14,136,0.17581345
14,137,0.27892888
14,138,0.49809217
14,139,0.4563183
14,140,0.511475
14,141,0.37325782
14,142,0.21817541
14,143,0.2633757
14,144,0.5263598
14,145,0.2849406
14,146,0.4129921
14,147,0.3532111
14,148,0.3749921
14,149,0.28198832
14,150,0.3660462
14,151,0.22502822
14,152,0.30990183
14,153,0.2681068
14,154,0.35405463
14,155,0.3584142
15,0,0.30570066
15,1,0.22300564
15,2,0.270844
15,3,0.3521083
15,4,0.40784872
15,5,0.28179312
15,6,0.38690215
15,7,0.5567206
15,8,0.32234454
15,9,0.41289723
15,10,0.36965486
15,11,0.28251922
15,12,0.497252
15,13,0.46990794
15,14,0.33274436
15,15,0.36625132
15,16,0.43320334
15,17,0.36701477
15,18,0.35127577
15,19,0.62615013
15,20,0.4311164
15,21,0.2661805
15,22,0.17558521
15,23,0.5050465
15,24,0.3645765
15,25,0.36572415
15,26,0.22072811
15,27,0.4259376
15,28,0.41372007
15,29,0.39765066
15,30,0.2352895
15,31,0.45846075
15,32,0.49614275
15,33,0.22559427
15,34,0.27483624
15,35,0.39824507
15,36,0.544162
15,37,0.19626662
15,38,0.3374569
15,39,0.3394269
15,40,0.37418544
15,41,0.4150983
15,42,0.36857814
15,43,0.22182167
15,44,0.42769712
15,45,0.5705991
15,46,0.4107024
15,47,0.17588678
15,48,0.23744683
15,49,0.4985693
15,50,0.3091096
15,51,0.473642
15,52,0.35766697
15,53,0.3698612
15,54,0.46325165
15,55,0.51601136
15,56,0.38156483
15,57,0.32320952
15,58,0.42737246
15,59,0.28181276
15,60,0.41162276
15,61,0.33957958
15,62,0.33998463
15,63,0.21822195
15,64,0.39651203
15,65,0.36166796
15,66,0.28539115
15,67,0.4119498
15,68,0.35553473
15,69,0.19282547
15,70,0.5974003
15,71,0.17973141
15,72,0.3206817
15,73,0.39345437
15,74,0.34886718
15,75,0.22301939
15,76,0.32660672
15,77,0.3696679
15,78,0.39735147
15,79,0.32478464
15,80,0.32430625
15,81,0.30823222
15,82,0.3075239
15,83,0.44597274
15,84,0.32823443
15,85,0.3714099
15,86,0.49967843
15,87,0.17627089
15,88,0.29435906
15,89,0.42962357
15,90,0.28111488
15,91,0.45796886
15,92,0.33349794
15,93,0.17641658
15,94,0.31908482
15,95,0.36854267
15,96,0.23732185
15,97,0.39806917
15,98,0.22701469
15,99,0.2851712
15,100,0.33861572
15,101,0.32406098
15,102,0.3257108
15,103,0.32933906
15,104,0.26656657
15,105,0.280527
15,106,0.4038232
15,107,0.22046152
15,108,0.40900734
15,109,0.2628817
15,110,0.27961695
15,111,0.39741182
15,112,0.28316596
15,113,0.41021758
15,114,0.3219698
15,115,0.2367188
15,116,0.27975625
15,117,0.43522257
15,118,0.36668405
15,119,0.53789496
15,120,0.22611168
15,121,0.36599076
15,122,0.19229248
15,123,0.42552358
15,124,0.263249
15,125,0.22375877
15,126,0.35007507
15,127,0.18215263
15,128,0.48826826
15,129,0.3252555
15,130,0.30518836
15,131,0.2222648
15,132,0.3072875
15,133,0.43435916
15,134,0.32407376
15,135,0.3862865
15,136,0.42508358
15,137,0.34274715
15,138,0.45652175
15,139,0.3562666
15,140,0.37465268
15,141,0.31096637
15,142,0.22542146
15,143,0.17554075
15,144,0.26191235
15,145,0.5301944
15,146,0.4354257
15,147,0.22226356
15,148,0.36909813
15,149,0.42676467
15,150,0.30961874
15,151,0.30333126
15,152,0.22051777
15,153,0.22262543
15,154,0.38603884
15,155,1.07585365e-05
16,0,0.46002895
16,1,0.48758507
16,2,0.34052038
16,3,0.4896043
16,4,0.26620054
16,5,0.27913687
16,6,0.3240101
16,7,0.29110897
16,8,0.26383838
16,9,0.2371808
16,10,0.2924928
16,11,0.41437045
16,12,0.30765176
16,13,0.3237887
16,14,0.43412727
16,15,0.39423382
16,16,0.37044972
16,17,0.26375854
16,18,0.26409715
16,19,0.424291
16,20,0.30751628
16,21,0.42675668
16,22,0.48604035
16,23,0.3055739
16,24,0.3562357
16,25,0.22187468
16,26,0.23769069
16,27,0.3676237
16,28,0.22189167
16,29,0.38820577
16,30,0.36665863
16,31,0.17552477
16,32,0.22415361
16,33,0.2778496
16,34,0.3687852
16,35,0.22503647
16,36,0.37162232
16,37,0.28265053
16,38,0.34046933
16,39,0.43009675
16,40,0.19163534
16,41,0.28060168
16,42,0.32622927
16,43,0.26388222
16,44,0.324619
16,45,0.2355257
16,46,0.13545519
16,47,0.26903158
16,48,0.37148732
16,49,0.32239044
16,50,0.44816655
16,51,0.3515188
16,52,0.5637574
16,53,0.34407288
16,54,0.28055748
16,55,0.51390505
16,56,0.36975238
16,57,0.4725862
16,58,0.2184642
16,59,0.3258869
16,60,0.17517026
16,61,0.40845194
16,62,0.32395715
16,63,0.47739416
16,64,0.4148042
16,65,0.32193375
16,66,0.13342813
16,67,0.37027308
16,68,0.38513333
16,69,0.17556891
16,70,0.32515723
16,71,0.17544016
16,72,0.27027485
16,73,0.42596257
16,74,0.65100837
16,75,0.6984735
16,76,0.26310703
16,77,0.18166736
16,78,0.47250858
16,79,0.28375423
16,80,0.30735648
16,81,0.57656735
16,82,0.3677354
16,83,0.17701432
16,84,0.4290888
16,85,0.40319002
16,86,0.54550767
16,87,0.2000109
16,88,0.26275837
16,89,0.47885415
16,90,0.22081207
16,91,0.2227694
16,92,0.4487344
16,93,0.36526677
16,94,0.34443563
16,95,0.39567757
16,96,0.45627472
16,97,0.47220317
16,98,0.30908346
16,99,0.43904814
16,100,0.3256426
16,101,0.17798409
16,102,0.38968176
16,103,0.35240057
16,104,0.17700407
16,105,0.3295811
16,106,0.4140584
16,107,0.23567322
16,108,0.50303656
16,109,0.34297594
16,110,0.35156393
16,111,0.31353465
16,112,0.23588382
16,113,0.21969981
16,114,0.17548063
16,115,0.49887592
16,116,0.28287148
16,117,0.3649239
16,118,0.3066364
16,119,0.27943298
16,120,0.4897534
16,121,0.23541641
16,122,0.31962395
16,123,0.41417757
16,124,0.262333
16,125,0.31536084
16,126,0.48660624
16,127,0.31570405
16,128,0.324575
16,129,0.263061
16,130,0.316289
16,131,0.3845999
16,132,0.27990007
16,133,0.3095641
16,134,0.41536695
16,135,0.30675524
16,136,0.38905704
16,137,0.42657912
16,138,0.4199139
16,139,0.35482424
16,140,0.1324068
16,141,0.28597736
16,142,0.41115662
16,143,0.3892422
16,144,0.27850002
16,145,0.41342634
16,146,0.48849964
16,147,0.23914026
16,148,0.26923418
16,149,0.41845214
16,150,0.26262257
16,151,0.2952066
16,152,0.41378152
16,153,0.30821985
16,154,0.24228124
16,155,1.1369442e-05
17,0,0.30620706
17,1,0.28042936
17,2,0.34533697
17,3,0.3075174
17,4,0.38302103
17,5,0.32318076
17,6,0.21882355
17,7,0.5010112
17,8,0.41284087
17,9,0.33810043
17,10,0.45389506
17,11,0.41078672
17,12,0.43222293
17,13,0.42460197
17,14,0.38364422
17,15,0.32464796
17,16,0.26351684
17,17,0.26517147
17,18,0.40987986
17,19,0.30535603
17,20,0.39320493
17,21,0.4120186
17,22,0.27870637
17,23,0.26316354
17,24,0.17625466
17,25,0.41287833
17,26,0.26231885
17,27,0.34912333
17,28,0.26132417
17,29,0.32140082
17,30,0.49114996
17,31,0.32420933
17,32,0.13742
17,33,0.22040932
17,34,0.51233757
17,35,0.3491587
17,36,0.38095635
17,37,0.49827856
17,38,0.45859793
17,39,0.35259438
17,40,0.17531028
17,41,0.43924046
17,42,0.17514324
17,43,0.39551514
17,44,0.2209522
17,45,0.28067964
17,46,0.22619987
17,47,0.41107923
17,48,0.29613432
17,49,0.3477202
17,50,0.30007812
17,51,0.45716405
17,52,0.30824846
17,53,0.2625394
17,54,0.38255265
17,55,0.35645813
17,56,0.1970638
17,57,0.22047624
17,58,0.6014745
17,59,0.34306985
17,60,0.30734643
17,61,0.1314075
17,62,0.28189725
17,63,0.13262385
17,64,0.48122156
17,65,0.44656983
17,66,0.44580823
17,67,0.44185066
17,68,0.26805478
17,69,0.41849464
17,70,0.36632645
17,71,0.34833378
17,72,0.27781528
17,73,0.2181344
17,74,0.4284895
17,75,0.41043603
17,76,0.2799946
17,77,0.43548995
17,78,0.53722274
17,79,0.42844087
17,80,0.23533958
17,81,0.34603816
17,82,0.41756147
17,83,0.39816082
17,84,0.5328341
17,85,0.45144445
17,86,0.36631542
17,87,0.4944022
17,88,0.46910578
17,89,0.3196612
17,90,0.43081427
17,91,0.32498956
17,92,0.30546096
17,93,0.49329326
17,94,0.2307328
17,95,0.53013504
17,96,0.2191934
17,97,0.47277826
17,98,0.49654788
17,99,0.40976357
17,100,0.3661556
17,101,0.367651
17,102,0.29411495
17,103,0.2796802
17,104,0.3773414
17,105,0.17576012
17,106,0.42851844
17,107,0.22084644
17,108,0.21954653
17,109,0.34441596
17,110,0.36518902
17,111,0.32209837
17,112,0.27943522
17,113,0.46242684
17,114,0.45833406
17,115,0.44862062
17,116,0.23680517
17,117,0.36782593
17,118,0.5417142
17,119,0.26435935
17,120,0.26216707
17,121,0.1325431
17,122,0.26888603
17,123,0.17513692
17,124,0.29815155
17,125,0.36509645
17,126,0.38361508
17,127,0.3669383
17,128,0.3410492
17,129,0.32329735
17,130,0.4881485
17,131,0.3667274
17,132,0.72075474
17,133,0.36541057
17,134,0.32703546
17,135,0.42666167
17,136,0.3666526
17,137,0.35079917
17,138,0.3955189
17,139,0.240878
17,140,0.30583745
17,141,0.4145336
17,142,0.5118487
17,143,0.32322422
17,144,0.26405907
17,145,0.32188648
17,146,0.37207842
17,147,0.43822026
17,148,0.2641402
17,149,0.17479876
17,150,0.30574864
17,151,0.27891076
17,152,0.22002411
17,153,0.26506698
17,154,0.47998923
17,155,8.664365e-05
18,0,0.37245756
18,1,0.3840248
18,2,0.1313185
18,3,0.23620088
18,4,0.4263441
18,5,0.4421854
18,6,0.35547513
18,7,0.3811366
18,8,0.21913294
18,9,0.5294439
18,10,0.3196886
18,11,0.27998012
18,12,0.5281543
18,13,0.21796113
18,14,0.32354063
18,15,0.47085434
18,16,0.30654898
18,17,0.322463
18,18,0.174633
18,19,0.45186305
18,20,0.29527816
18,21,0.2635612
18,22,0.38568598
18,23,0.3490119
18,24,0.30983186
18,25,0.4113437
18,26,0.42453086
18,27,0.223788
18,28,0.28169197
18,29,0.4257
18,30,0.21859393
18,31,0.2635193
18,32,0.3388626
18,33,0.32201713
18,34,0.3980326
18,35,0.21815452
18,36,0.35305876
18,37,0.17686364
18,38,0.39818853
18,39,0.22269753
18,40,0.32581997
18,41,0.3055422
18,42,0.3204984
18,43,0.2796412
18,44,0.41131642
18,45,0.41354874
18,46,0.35538965
18,47,0.17959338
18,48,0.4684139
18,49,0.4108757
18,50,0.21832281
18,51,0.30665284
18,52,0.3672453
18,53,0.26169008
18,54,0.45133954
18,55,0.44077826
18,56,0.49566203
18,57,0.4055144
18,58,0.50007915
18,59,0.40830123
18,60,0.38072553
18,61,0.19357082
18,62,0.26303154
18,63,0.36632705
18,64,0.42760882
18,65,0.31858945
18,66,0.27770847
18,67,0.3939199
18,68,0.32515043
18,69,0.42872828
18,70,0.2805484
18,71,0.42600054
18,72,0.30595827
18,73,0.33758056
18,74,0.17529698
18,75,0.39556128
18,76,0.2637248
18,77,0.32482433
18,78,0.4116879
18,79,0.30527693
18,80,0.5666059
18,81,0.511275
18,82,0.22401372
18,83,0.3365233
18,84,0.34735402
18,85,0.38261652
18,86,0.37022474
18,87,0.22076872
18,88,0.36488733
18,89,0.39980483
18,90,0.41048884
18,91,0.3503315
18,92,0.3077054
18,93,0.4111148
18,94,0.35524654
18,95,0.4985362
18,96,0.40781286
18,97,0.13215771
18,98,0.30622995
18,99,0.26372302
18,100,0.39706394
18,101,0.23498881
18,102,0.47093686
18,103,0.41082656
18,104,0.2631697
18,105,0.3214712
18,106,0.32729006
18,107,0.45877153
18,108,0.23623878
18,109,0.4123513
18,110,0.22135796
18,111,0.17538628
18,112,0.38351655
18,113,0.3062736
18,114,0.14091918
18,115,0.410308
18,116,0.393655
18,117,0.20802188
18,118,0.40949357
18,119,0.2503308
18,120,0.3824467
18,121,0.38388675
18,122,0.22099036
18,123,0.3213094
18,124,0.36524856
18,125,0.08949051
18,126,0.4360386
18,127,0.40814978
18,128,0.21979707
18,129,0.2642142
18,130,0.1317067
18,131,0.17391828
18,132,0.29464507
18,133,0.3750406
18,134,0.364448
18,135,0.17763132
18,136,0.4361331
18,137,0.22118863
18,138,0.3398626
18,139,0.32461664
18,140,0.4867536
18,141,0.34932095
18,142,0.26204723
18,143,0.35867882
18,144,0.3270036
18,145,0.49043173
18,146,0.32153258
18,147,0.31078726
18,148,0.3689376
18,149,0.30625498
18,150,0.66061276
18,151,0.2848643
18,152,0.39521325
18,153,0.47064775
18,154,0.36565486
18,155,8.8214065e-06
19,0,0.4958588
19,1,0.38357592
19,2,0.2627777
19,3,0.38200313
19,4,0.33864367
19,5,0.27832043
19,6,0.30510205
19,7,0.29094735
19,8,0.34972823
19,9,0.044492275
19,10,0.1432645
19,11,0.277484
19,12,0.31467146
19,13,0.5324169
19,14,0.3662585
19,15,0.26191935
19,16,0.2806409
19,17,0.34871104
19,18,0.32316923
19,19,0.2621758
19,20,0.21968907
19,21,0.21925151
19,22,0.4687522
19,23,0.41916656
19,24,0.36805874
19,25,0.39817396
19,26,0.32162
19,27,0.28198102
19,28,0.30670547
19,29,0.29732245
19,30,0.36459446
19,31,0.21908396
19,32,0.39259666
19,33,0.38308895
19,34,0.27981672
19,35,0.30552858
19,36,0.17613581
19,37,0.23516166
19,38,0.26229978
19,39,0.26276928
19,40,0.32321692
19,41,0.38091382
19,42,0.30584687
19,43,0.30988252
19,44,0.44208103
19,45,0.13108678
19,46,0.36739004
19,47,0.39354998
19,48,0.42649168
19,49,0.27504843
19,50,0.42065173
19,51,0.3403861
19,52,0.3408258
19,53,0.17526297
19,54,0.38473928
19,55,0.23463412
19,56,0.30570477
19,57,0.3051772
19,58,0.26206177
19,59,0.30563042
19,60,0.40870035
19,61,0.42449766
19,62,0.2613752
19,63,0.5028045
19,64,0.28380245
19,65,0.26329
19,66,0.32580882
19,67,0.30578312
19,68,0.41570708
19,69,0.40756553
19,70,0.34796655
19,71,0.2856351
19,72,0.23847723
19,73,0.30577755
19,74,0.64503264
19,75,0.27726072
19,76,0.2354206
19,77,0.27864432
19,78,0.3815969
19,79,0.27987897
19,80,0.44059813
19,81,0.27935946
19,82,0.27803323
19,83,0.39277112
19,84,0.4366721
19,85,0.4245668
19,86,0.39166898
19,87,0.3692718
19,88,0.23641825
19,89,0.32259244
19,90,0.30534023
19,91,0.32189596
19,92,0.5223093
19,93,0.47138435
19,94,0.33958685
19,95,0.26209763
19,96,0.52981436
19,97,0.27891624
19,98,0.39749515
19,99,0.37116283
19,100,0.21941721
19,101,0.2856046
19,102,0.32077643
19,103,0.42560357
19,104,0.3392529
19,105,0.542522
19,106,0.41310155
19,107,0.30505896
19,108,0.26451713
19,109,0.42633298
19,110,0.30797157
19,111,0.37495336
19,112,0.38047594
19,113,0.2338996
19,114,0.36535725
19,115,0.3657307
19,116,0.24102972
19,117,0.3562957
19,118,0.25178275
19,119,0.26252782
19,120,0.4243859
19,121,0.38593292
19,122,0.32156056
19,123,0.28007746
19,124,0.3218037
19,125,0.46876737
19,126,0.4106131
19,127,0.36469898
19,128,0.36712322
19,129,0.27976143
19,130,0.27894232
19,131,0.30545813
19,132,0.38207817
19,133,0.34008092
19,134,0.2781904
19,135,0.41004434
19,136,0.30798462
19,137,0.19969296
19,138,0.21894814
19,139,0.39434114
19,140,0.3102383
19,141,0.38178658
19,142,0.30611587
19,143,0.30901432
19,144,0.49882767
19,145,0.5114175
19,146,0.39214724
19,147,0.36509472
19,148,0.3383298
19,149,0.3070423
19,150,0.3045522
19,151,0.28269437
19,152,0.3666153
19,153,0.3373405
19,154,0.35603148
19,155,1.4901148e-06
20,0,0.23574416
20,1,0.17793596
20,2,0.36598665
20,3,0.3255425
20,4,0.36556414
20,5,0.27844244
20,6,0.26153407
20,7,0.30449384
20,8,0.32191056
20,9,0.3244391
20,10,0.30255336
20,11,0.21896182
20,12,0.21793015
20,13,0.38367897
20,14,0.4301834
20,15,0.3673222
20,16,0.42662436
20,17,0.45246178
20,18,0.5659132
20,19,0.45147339
20,20,0.29344088
20,21,0.34981877
20,22,0.4359692
20,23,0.27852926
20,24,0.52305114
20,25,0.27851397
20,26,0.42399707
20,27,0.30518836
20,28,0.38029844
20,29,0.30678254
20,30,0.2614783
20,31,0.28013295
20,32,0.4113626
20,33,0.21990345
20,34,0.32261246
20,35,0.17547294
20,36,0.26520288
20,37,0.32185155
20,38,0.26180422
20,39,0.53312576
20,40,0.29553932
20,41,0.36584604
20,42,0.30513328
20,43,0.08825447
20,44,0.44777957
20,45,0.5290857
20,46,0.26133037
20,47,0.4252242
20,48,0.32138896
20,49,0.36453378
20,50,0.23332348
20,51,0.22404897
20,52,0.3834985
20,53,0.3821243
20,54,0.22096294
20,55,0.25240168
20,56,0.2618656
20,57,0.26167542
20,58,0.5397705
20,59,0.22021776
20,60,0.32254577
20,61,0.4079257
20,62,0.35025242
20,63,0.49561146
20,64,0.26457518
20,65,0.17608936
20,66,0.48173517
20,67,0.21761554
20,68,0.33888698
20,69,0.39229903
20,70,0.2778254
20,71,0.37078118
20,72,0.43722713
20,73,0.17546406
20,74,0.13153821
20,75,0.3985811
20,76,0.42741907
20,77,0.46907127
20,78,0.39399874
20,79,0.26312476
20,80,0.2629648
20,81,0.44773728
20,82,0.3926336
20,83,0.27994072
20,84,0.33036956
20,85,0.43854034
20,86,0.26290017
20,87,0.36493504
20,88,0.44173747
20,89,0.3046933
20,90,0.22124243
20,91,0.32134902
20,92,0.5387106
20,93,0.3051823
20,94,0.42864135
20,95,0.43752474
20,96,0.40742603
20,97,0.30513966
20,98,0.23441578
20,99,0.21947253
20,100,0.45167297
20,101,0.26223198
20,102,0.367101
20,103,0.4413644
20,104,0.48388427
20,105,0.32659054
20,106,0.36588743
20,107,0.5397818
20,108,0.44774976
20,109,0.38201147
20,110,0.4547248
20,111,0.22376111
20,112,0.47248578
20,113,0.42442277
20,114,0.1751816
20,115,0.3920721
20,116,0.40838426
20,117,0.22289196
20,118,0.32381636
20,119,0.36562848
20,120,0.30469197
20,121,0.32277352
20,122,0.56967294
20,123,0.22028275
20,124,0.49998343
20,125,0.21912013
20,126,0.3650728
20,127,0.17484233
20,128,0.2811097
20,129,0.4238488
20,130,0.27907312
20,131,0.21952243
20,132,0.27988613
20,133,0.30598778
20,134,0.32168236
20,135,0.30487606
20,136,0.26236928
20,137,0.36636072
20,138,0.29028794
20,139,0.26123857
20,140,0.17453994
20,141,0.26201016
20,142,0.46961054
20,143,0.36656082
20,144,0.36545724
20,145,0.21872014
20,146,0.3500436
20,147,0.32695284
20,148,0.30548167
20,149,0.35142732
20,150,0.22273564
20,151,0.3551488
20,152,0.22011532
20,153,0.38080058
20,154,0.39366823
20,155,0.0002864882
21,0,0.17436886
21,1,0.28035975
21,2,0.48447537
21,3,0.49577433
21,4,0.6076226
21,5,0.4456244
21,6,0.4685008
21,7,0.23513088
21,8,0.3920714
21,9,0.27988547
21,10,0.20898047
21,11,0.3673846
21,12,0.33866417
21,13,0.23395103
21,14,0.36505836
21,15,0.39224046
21,16,0.282338
21,17,0.3991634
21,18,0.38198107
21,19,0.39284858
21,20,0.2617398
21,21,0.23652762
21,22,0.17545468
21,23,0.3841725
21,24,0.29481605
21,25,0.2821265
21,26,0.36496043
21,27,0.36436683
21,28,0.348909
21,29,0.4540547
21,30,0.1787326
21,31,0.33707467
21,32,0.3213802
21,33,0.49423152
21,34,0.34987003
21,35,0.30587453
21,36,0.31582606
21,37,0.21858937
21,38,0.4853605
21,39,0.34293237
21,40,0.49595028
21,41,0.35001737
21,42,0.36674505
21,43,0.37947083
21,44,0.48592427
21,45,0.27701992
21,46,0.23482564
21,47,0.23562251
21,48,0.33017325
21,49,0.2784741
21,50,0.32223445
21,51,0.27927673
21,52,0.32094508
21,53,0.30730295
21,54,0.3506835
21,55,0.27836388
21,56,0.49482054
21,57,0.42478555
21,58,0.21986765
21,59,0.27835953
21,60,0.32041556
21,61,0.36468086
21,62,0.27756724
21,63,0.30509943
21,64,0.3006543
21,65,0.3545086
21,66,0.3846265
21,67,0.44146025
21,68,0.36693925
21,69,0.54133046
21,70,0.36675525
21,71,0.30545592
21,72,0.3933851
21,73,0.4436136
21,74,0.26278818
21,75,0.5982046
21,76,0.17535841
21,77,0.4075656
21,78,0.33838028
21,79,0.3677488
21,80,0.40261215
21,81,0.26190263
21,82,0.32080346
21,83,0.30559617
21,84,0.4080543
21,85,0.3215842
21,86,0.41530192
21,87,0.4100046
21,88,0.23464563
21,89,0.40828127
21,90,0.34856653
21,91,0.27771455
21,92,0.4291134
21,93,0.30537248
21,94,0.3378154
21,95,0.17587191
21,96,0.44128263
21,97,0.41205087
21,98,0.34851432
21,99,0.44315726
21,100,0.36824092
21,101,0.23483944
21,102,0.51176345
21,103,0.21841359
21,104,0.4243611
21,105,0.277748
21,106,0.17821024
21,107,0.29514807
21,108,0.27939123
21,109,0.29226932
21,110,0.5163831
21,111,0.501396
21,112,0.13154584
21,113,0.36793748
21,114,0.35329133
21,115,0.3235582
21,116,0.35067242
21,117,0.5428996
21,118,0.17970197
21,119,0.47059143
21,120,0.40952474
21,121,0.38076785
21,122,0.32126588
21,123,0.19245704
21,124,0.39209005
21,125,0.17604718
21,126,0.30561703
21,127,0.5342679
21,128,0.13128592
21,129,0.32267028
21,130,0.21811345
21,131,0.47001335
21,132,0.30660954
21,133,0.36621165
21,134,0.2784679
21,135,0.23411721
21,136,0.26067597
21,137,0.36800998
21,138,0.36799097
21,139,0.5111205
21,140,0.2353697
21,141,0.30742323
21,142,0.088017315
21,143,0.23719414
21,144,0.49519882
21,145,0.46997643
21,146,0.30605668
21,147,0.423621
21,148,0.2184599
21,149,0.5498848
21,150,0.36541164
21,151,0.4506958
21,152,0.27995396
21,153,0.26147527
21,154,0.321485
21,155,1.6242234e-06
22,0,0.5393403
22,1,0.3827592
22,2,0.4247059
22,3,0.38159466
22,4,0.30494732
22,5,0.26199043
22,6,0.32112092
22,7,0.30589718
22,8,0.1743924
22,9,0.53957814
22,10,0.31409225
22,11,0.30442
22,12,0.26123434
22,13,0.51354843
22,14,0.32443118
22,15,0.21772313
22,16,0.26175123
22,17,0.21793419
22,18,0.17428829
22,19,0.5004606
22,20,0.32102513
22,21,0.21835352
22,22,0.261629
22,23,0.3660515
22,24,0.32220322
22,25,0.32194996
22,26,0.1310218
22,27,0.3045147
22,28,0.34898007
22,29,0.3499447
22,30,0.5222203
22,31,0.5126009
22,32,0.38153136
22,33,0.13104431
22,34,0.40306157
22,35,0.39133984
22,36,0.33813614
22,37,0.23450847
22,38,0.21790774
22,39,0.3041481
22,40,0.3222207
22,41,0.26171696
22,42,0.5631844
22,43,0.26096904
22,44,0.4088531
22,45,0.41601396
22,46,0.49551246
22,47,0.3840116
22,48,0.21873385
22,49,0.35259795
22,50,0.46819824
22,51,0.39272714
22,52,0.41039395
22,53,0.30443665
22,54,0.321037
22,55,0.23526159
22,56,0.3665831
22,57,0.23416871
22,58,0.3220467
22,59,0.32149628
22,60,0.3809548
22,61,0.36580536
22,62,0.30659205
22,63,0.4409268
22,64,0.4523888
22,65,0.32395965
22,66,0.28121686
22,67,0.30501205
22,68,0.21763954
22,69,0.5265348
22,70,0.2780823
22,71,0.40942943
22,72,0.51310796
22,73,0.39676934
22,74,0.3927694
22,75,0.2937735
22,76,0.34762388
22,77,0.4439276
22,78,0.43465206
22,79,0.13126035
22,80,0.30560303
22,81,0.40391216
22,82,0.42382756
22,83,0.57148135
22,84,0.38333526
22,85,0.32733154
22,86,0.5771
22,87,0.33734578
22,88,0.21817264
22,89,0.26141024
22,90,0.26503414
22,91,0.33651304
22,92,0.45213234
22,93,0.24155211
22,94,0.21825472
22,95,0.40848145
22,96,0.4283232
22,97,0.39248484
22,98,0.3090034
22,99,0.33885288
22,100,0.21788864
22,101,0.2786954
22,102,0.34907657
22,103,0.33719784
22,104,0.36562228
22,105,0.21307157
22,106,0.51362777
22,107,0.22016379
22,108,0.25028148
22,109,0.21862519
22,110,0.3830765
22,111,0.26576698
22,112,0.34161156
22,113,0.13081878
22,114,0.45179307
22,115,0.4532014
22,116,0.22014567
22,117,0.2610611
22,118,0.38216436
22,119,0.17542863
22,120,0.17437121
22,121,0.30466926
22,122,0.32136026
22,123,0.39727157
22,124,0.425376
22,125,0.27983442
22,126,0.6096524
22,127,0.3650817
22,128,0.39080298
22,129,0.35072434
22,130,0.2775241
22,131,0.4248587
22,132,0.261221
22,133,0.32287517
22,134,0.21769786
22,135,0.36535278
22,136,0.39444897
22,137,0.2781307
22,138,0.30587548
22,139,0.30544856
22,140,0.23539841
22,141,0.2645684
22,142,0.5103781
22,143,0.27940893
22,144,0.47102547
22,145,0.17534748
22,146,0.23692489
22,147,0.2178239
22,148,0.3660667
22,149,0.36433148
22,150,0.54111373
22,151,0.19136187
22,152,0.39088082
22,153,0.3840626
22,154,0.3225229
22,155,3.5911678e-06
23,0,0.39244568
23,1,0.13090351
23,2,0.27761286
23,3,0.34914786
23,4,0.3802196
23,5,0.38255927
23,6,0.36389518
23,7,0.3809364
23,8,0.3916558
23,9,0.42563462
23,10,0.21781561
23,11,0.1322421
23,12,0.21959239
23,13,0.34849536
23,14,0.32118005
23,15,0.27961755
23,16,0.40769118
23,17,0.48552495
23,18,0.278788
23,19,0.30429453
23,20,0.27731645
23,21,0.46821994
23,22,0.45225233
23,23,0.48225808
23,24,0.3643308
23,25,0.5379795
23,26,0.26099446
23,27,0.19044429
23,28,0.28103092
23,29,0.32091117
23,30,0.393515
23,31,0.26127356
23,32,0.5727066
23,33,0.39232633
23,34,0.35410845
23,35,0.30579776
23,36,0.40907913
23,37,0.36407834
23,38,0.26140314
23,39,0.33673307
23,40,0.36502117
23,41,0.4792531
23,42,0.41069436
23,43,0.4243846
23,44,0.34890527
23,45,0.27013135
23,46,0.23545411
23,47,0.21842651
23,48,0.32079864
23,49,0.33110836
23,50,0.36428317
23,51,0.45164704
23,52,0.1748852
23,53,0.49530393
23,54,0.27718323
23,55,0.30099937
23,56,0.4089095
23,57,0.27836484
23,58,0.27864873
23,59,0.27844456
23,60,0.3653169
23,61,0.23494361
23,62,0.2524683
23,63,0.26231283
23,64,0.21749538
23,65,0.4957096
23,66,0.41216916
23,67,0.3922323
23,68,0.40743667
23,69,0.39800552
23,70,0.45563626
23,71,0.27456003
23,72,0.21843857
23,73,0.21807279
23,74,0.2777073
23,75,0.32108337
23,76,0.26125342
23,77,0.3209545
23,78,0.32133123
23,79,0.34837112
23,80,0.32373935
23,81,0.27780068
23,82,0.17458113
23,83,0.32115445
23,84,0.21807523
23,85,0.27967316
23,86,0.4094923
23,87,0.2341376
23,88,0.30489486
23,89,0.39198792
23,90,0.4095518
23,91,0.3209805
23,92,0.08823617
23,93,0.33205032
23,94,0.5166986
23,95,0.26152468
23,96,0.2622242
23,97,0.13075173
23,98,0.35324848
23,99,0.27814734
23,100,0.34833738
23,101,0.34991914
23,102,0.390938
23,103,0.36494005
23,104,0.38137275
23,105,0.23397133
23,106,0.26174116
23,107,0.4668588
23,108,0.32160407
23,109,0.2781113
23,110,0.21820836
23,111,0.17415029
23,112,0.2613017
23,113,0.2611913
23,114,0.26090366
23,115,0.17500323
23,116,0.45108312
23,117,0.27735326
23,118,0.27731892
23,119,0.33330208
23,120,0.406718
23,121,0.2613311
23,122,0.30402607
23,123,0.32060164
23,124,0.26212502
23,125,0.3220386
23,126,0.3928343
23,127,0.392026
23,128,0.4086904
23,129,0.36812356
23,130,0.4146117
23,131,0.27879643
23,132,0.363905
23,133,0.32481366
23,134,0.6018154
23,135,0.36613715
23,136,0.36566406
23,137,0.40865457
23,138,0.30652034
23,139,0.3279478
23,140,0.30745494
23,141,0.32122675
23,142,0.4458571
23,143,0.30545655
23,144,0.27726382
23,145,0.27803165
23,146,0.27850005
23,147,0.30512255
23,148,0.5118191
23,149,0.39223135
23,150,0.4685266
23,151,0.42382613
23,152,0.26498538
23,153,0.26089624
23,154,0.4938981
23,155,7.644256e-06
24,0,0.22018072
24,1,0.39133397
24,2,0.30468148
24,3,0.3224021
24,4,0.22008735
24,5,0.48517877
24,6,0.2621352
24,7,0.32066223
24,8,0.30707777
24,9,0.44189817
24,10,0.19009462
24,11,0.27703565
24,12,0.42550156
24,13,0.32140234
24,14,0.3281479
24,15,0.2613248
24,16,0.5705599
24,17,0.4074105
24,18,0.32128567
24,19,0.42506418
24,20,0.31165445
24,21,0.48491845
24,22,0.32095507
24,23,0.40901947
24,24,0.33784127
24,25,0.1756663
24,26,0.17430213
24,27,0.3653112
24,28,0.2607953
24,29,0.27790764
24,30,0.46802598
24,31,0.39706838
24,32,0.32092392
24,33,0.5736764
24,34,0.29377615
24,35,0.27737808
24,36,0.34748334
24,37,0.3371894
24,38,0.34810293
24,39,0.27734298
24,40,0.38211393
24,41,0.26617548
24,42,0.17520179
24,43,0.30506855
24,44,0.49488562
24,45,0.39779457
24,46,0.4267378
24,47,0.4239759
24,48,0.5015703
24,49,0.338023
24,50,0.34833866
24,51,0.21797009
24,52,0.49542212
24,53,0.25214136
24,54,0.40736175
24,55,0.27754587
24,56,0.13608448
24,57,0.3545105
24,58,0.40826458
24,59,0.48457575
24,60,0.4249403
24,61,0.36549884
24,62,0.2605987
24,63,0.3638006
24,64,0.38061392
24,65,0.49499053
24,66,0.36484307
24,67,0.35113427
24,68,0.39244425
24,69,0.40938622
24,70,0.26210272
24,71,0.36598986
24,72,0.4886101
24,73,0.38025978
24,74,0.42499578
24,75,0.2609691
24,76,0.40854257
24,77,0.39207
24,78,0.5551212
24,79,0.306908
24,80,0.34902593
24,81,0.32058007
24,82,0.21811143
24,83,0.29469195
24,84,0.30423233
24,85,0.27978712
24,86,0.27803996
24,87,0.45021796
24,88,0.56994486
24,89,0.42601454
24,90,0.2175514
24,91,0.30550045
24,92,0.34845686
24,93,0.38147506
24,94,0.36520755
24,95,0.26112825
24,96,0.17400485
24,97,0.2661572
24,98,0.23358713
24,99,0.2622156
24,100,0.3048557
24,101,0.48408592
24,102,0.3647141
24,103,0.5272213
24,104,0.23398134
24,105,0.3094787
24,106,0.30496472
24,107,0.5014552
24,108,0.40938377
24,109,0.42517203
24,110,0.30524617
24,111,0.49643517
24,112,0.3211262
24,113,0.36358398
24,114,0.26352704
24,115,0.34911156
24,116,0.38281852
24,117,0.36927703
24,118,0.40935022
24,119,0.305498
24,120,0.38164324
24,121,0.58719707
24,122,0.21713108
24,123,0.235244
24,124,0.3477858
24,125,0.3042959
24,126,0.40783164
24,127,0.32104743
24,128,0.30526364
24,129,0.36509046
24,130,0.33676204
24,131,0.28279692
24,132,0.3809827
24,133,0.36462796
24,134,0.468486
24,135,0.26328325
24,136,0.5987408
24,137,0.39185327
24,138,0.39205152
24,139,0.27778557
24,140,0.13072067
24,141,0.3375026
24,142,0.23537165
24,143,0.3922802
24,144,0.40953073
24,145,0.51161057
24,146,0.2825791
24,147,0.47202924
24,148,0.1905545
24,149,0.26136053
24,150,0.34755245
24,151,0.42561102
24,152,0.266738
24,153,0.33729446
24,154,0.36465555
24,155,0.00013407496
25,0,0.26243252
25,1,0.36388057
25,2,0.32283232
25,3,0.40819767
25,4,0.38047093
25,5,0.4240607
25,6,0.47830024
25,7,0.2771329
25,8,0.43619782
25,9,0.3366479
25,10,0.42530796
25,11,0.34855023
25,12,0.3867944
25,13,0.32061464
25,14,0.32207626
25,15,0.30528522
25,16,0.26339364
25,17,0.19097613
25,18,0.38083336
25,19,0.23384406
25,20,0.24850845
25,21,0.42450362
25,22,0.23472947
25,23,0.2626771
25,24,0.21901655
25,25,0.26096946
25,26,0.39243877
25,27,0.08778067
25,28,0.21833476
25,29,0.3229738
25,30,0.44137534
25,31,0.40940732
25,32,0.27767277
25,33,0.423954
25,34,0.32175332
25,35,0.30497554
25,36,0.26326942
25,37,0.17517513
25,38,0.3484679
25,39,0.32068413
25,40,0.30865857
25,41,0.30452514
25,42,0.3051551
25,43,0.08748394
25,44,0.3237719
25,45,0.3644778
25,46,0.1743693
25,47,0.45068634
25,48,0.17436726
25,49,0.3671912
25,50,0.29228637
25,51,0.36464006
25,52,0.4349805
25,53,0.19923669
25,54,0.21782084
25,55,0.39104456
25,56,0.46691626
25,57,0.13146807
25,58,0.17492384
25,59,0.40838736
25,60,0.3810174
25,61,0.4209265
25,62,0.320876
25,63,0.32092994
25,64,0.38155738
25,65,0.17479548
25,66,0.32268214
25,67,0.33758637
25,68,0.34818316
25,69,0.27894026
25,70,0.23430473
25,71,0.2814491
25,72,0.17468584
25,73,0.39801717
25,74,0.32116193
25,75,0.42006588
25,76,0.2790355
25,77,0.34838837
25,78,0.31103873
25,79,0.26152498
25,80,0.3494982
25,81,0.3919434
25,82,0.22030698
25,83,0.40903753
25,84,0.22190544
25,85,0.26153618
25,86,0.3216227
25,87,0.36419344
25,88,0.36449003
25,89,0.42425928
25,90,0.277394
25,91,0.34856695
25,92,0.3362311
25,93,0.26077545
25,94,0.30466098
25,95,0.4099889
25,96,0.3202423
25,97,0.46887827
25,98,0.5382301
25,99,0.50404495
25,100,0.3489422
25,101,0.35407612
25,102,0.3475643
25,103,0.5568862
25,104,0.3634339
25,105,0.28139883
25,106,0.30398485
25,107,0.17406315
25,108,0.43625367
25,109,0.36518806
25,110,0.21875292
25,111,0.17463548
25,112,0.26108754
25,113,0.26149884
25,114,0.3813961
25,115,0.31062102
25,116,0.23490387
25,117,0.36491752
25,118,0.32590544
25,119,0.26239836
25,120,0.21928293
25,121,0.17400324
25,122,0.2774825
25,123,0.21709317
25,124,0.26484722
25,125,0.32067615
25,126,0.27705193
25,127,0.3046114
25,128,0.2212533
25,129,0.21804361
25,130,0.39278913
25,131,0.26073992
25,132,0.26128703
25,133,0.32488662
25,134,0.42445397
25,135,0.33735293
25,136,0.451785
25,137,0.2782666
25,138,0.45393372
25,139,0.42383307
25,140,0.3376242
25,141,0.511533
25,142,0.14747776
25,143,0.22118035
25,144,0.32027355
25,145,0.5103595
25,146,0.2721482
25,147,0.3044111
25,148,0.23478469
25,149,0.38403535
25,150,0.41019598
25,151,0.27760983
25,152,0.1309317
25,153,0.3651828
25,154,0.38183177
25,155,2.1755661e-06
26,0,0.26074547
26,1,0.42727047
26,2,0.23419663
26,3,0.33779642
26,4,0.36411256
26,5,0.21726355
26,6,0.3207314
26,7,0.30739704
26,8,0.35368046
26,9,0.38086912
26,10,0.19211723
26,11,0.48400968
26,12,0.2614735
26,13,0.26116157
26,14,0.3807699
26,15,0.3805449
26,16,0.30601883
26,17,0.47907752
26,18,0.46701396
26,19,0.3052072
26,20,0.3646624
26,21,0.3918932
26,22,0.45258802
26,23,0.38121843
26,24,0.4092107
26,25,0.35011804
26,26,0.39151472
26,27,0.4670332
26,28,0.4341424
26,29,0.17410898
26,30,0.26237294
26,31,0.40760636
26,32,0.39846307
26,33,0.2185978
26,34,0.4832735
26,35,0.46728098
26,36,0.42092377
26,37,0.6181539
26,38,0.3647884
26,39,0.27695602
26,40,0.4242435
26,41,0.14731191
26,42,0.36381692
26,43,0.34298885
26,44,0.30540657
26,45,0.42424792
26,46,0.2611543
26,47,0.2175315
26,48,0.39173836
26,49,0.21894999
26,50,0.26051432
26,51,0.23416519
26,52,0.30535138
26,53,0.3651749
26,54,0.08755095
26,55,0.30517867
26,56,0.32066664
26,57,0.3207086
26,58,0.1744491
26,59,0.36478704
26,60,0.511438
26,61,0.21759477
26,62,0.26182687
26,63,0.17491001
26,64,0.38192648
26,65,0.38203812
26,66,0.32368425
26,67,0.3053161
26,68,0.38449168
26,69,0.27770042
26,70,0.21825244
26,71,0.4666789
26,72,0.42355463
26,73,0.3913535
26,74,0.32067809
26,75,0.47038817
26,76,0.36372113
26,77,0.30492556
26,78,0.26152062
26,79,0.23371336
26,80,0.40892458
26,81,0.48455742
26,82,0.2177816
26,83,0.42371833
26,84,0.39072117
26,85,0.27721572
26,86,0.30430257
26,87,0.21835989
26,88,0.44183823
26,89,0.13262329
26,90,0.40847525
26,91,0.51170194
26,92,0.43535104
26,93,0.42432842
26,94,0.30503458
26,95,0.26090562
26,96,0.32095152
26,97,0.23066148
26,98,0.3805306
26,99,0.21815062
26,100,0.3651597
26,101,0.26373407
26,102,0.44129232
26,103,0.3205838
26,104,0.38046888
26,105,0.4089466
26,106,0.27733436
26,107,0.52055454
26,108,0.23429771
26,109,0.2774607
26,110,0.27796733
26,111,0.32198712
26,112,0.30483192
26,113,0.27782917
26,114,0.3949896
26,115,0.33800563
26,116,0.39142913
26,117,0.32040572
26,118,0.364522
26,119,0.26043028
26,120,0.21837057
26,121,0.34752423
26,122,0.27899203
26,123,0.32189834
26,124,0.23450908
26,125,0.32127288
26,126,0.2789358
26,127,0.46679932
26,128,0.3906846
26,129,0.3486103
26,130,0.40898472
26,131,0.33696824
26,132,0.21737528
26,133,0.39167285
26,134,0.23415811
26,135,0.32128736
26,136,0.30578583
26,137,0.34575766
26,138,0.17439175
26,139,0.4238725
26,140,0.42567044
26,141,0.38066727
26,142,0.29331806
26,143,0.2351092
26,144,0.57076263
26,145,0.3912766
26,146,0.4680636
26,147,0.30487227
26,148,0.40815407
26,149,0.3473527
26,150,0.3516497
26,151,0.4088472
26,152,0.27903283
26,153,0.3646524
26,154,0.3644867
26,155,6.427933e-05
27,0,0.45087177
27,1,0.33753723
27,2,0.13070458
27,3,0.26909184
27,4,0.1739516
27,5,0.19156519
27,6,0.40698117
27,7,0.32161012
27,8,0.5548105
27,9,0.32150638
27,10,0.13120912
27,11,0.48313084
27,12,0.34931445
27,13,0.26285654
27,14,0.3208786
27,15,0.32064414
27,16,0.27729446
27,17,0.21768816
27,18,0.26154643
27,19,0.40841562
27,20,0.30372867
27,21,0.21825439
27,22,0.25116837
27,23,0.48352265
27,24,0.30497116
27,25,0.21766269
27,26,0.3634392
27,27,0.42438924
27,28,0.45105478
27,29,0.4100716
27,30,0.30416167
27,31,0.21740155
27,32,0.45125785
27,33,0.2778842
27,34,0.41033727
27,35,0.23372425
27,36,0.32049072
27,37,0.3924544
27,38,0.2613707
27,39,0.40763065
27,40,0.48321626
27,41,0.3380431
27,42,0.322411
27,43,0.21754645
27,44,0.17428386
27,45,0.33761
27,46,0.40846995
27,47,0.563696
27,48,0.27726915
27,49,0.23424482
27,50,0.4670741
27,51,0.32160926
27,52,0.32152933
27,53,0.5393513
27,54,0.36443242
27,55,0.337973
27,56,0.36417532
27,57,0.13120121
27,58,0.32052076
27,59,0.3378361
27,60,0.42437297
27,61,0.32162657
27,62,0.46783677
27,63,0.3550241
27,64,0.43935
27,65,0.17511801
27,66,0.3054003
27,67,0.1745593
27,68,0.42358762
27,69,0.57181466
27,70,0.34783593
27,71,0.32187665
27,72,0.27874076
27,73,0.45147765
27,74,0.27839512
27,75,0.32090294
27,76,0.36415333
27,77,0.3207931
27,78,0.30627686
27,79,0.30547583
27,80,0.4357953
27,81,0.4242676
27,82,0.34872907
27,83,0.3054526
27,84,0.40797055
27,85,0.21739104
27,86,0.31502175
27,87,0.3640191
27,88,0.32032388
27,89,0.36470973
27,90,0.2492634
27,91,0.26122928
27,92,0.21777263
27,93,0.2176111
27,94,0.32171446
27,95,0.32067674
27,96,0.2610876
27,97,0.21753566
27,98,0.30219123
27,99,0.32067284
27,100,0.38046145
27,101,0.26081386
27,102,0.36505193
27,103,0.34817755
27,104,0.44163835
27,105,0.26122117
27,106,0.26084894
27,107,0.4507241
27,108,0.21711725
27,109,0.36719692
27,110,0.32036138
27,111,0.3076982
27,112,0.30426347
27,113,0.46764028
27,114,0.42695367
27,115,0.336501
27,116,0.3696915
27,117,0.43466067
27,118,0.23381601
27,119,0.30525553
27,120,0.3209686
27,121,0.1768221
27,122,0.3205216
27,123,0.36446217
27,124,0.4248042
27,125,0.27795148
27,126,0.3048872
27,127,0.30454725
27,128,0.2617727
27,129,0.2773035
27,130,0.26141027
27,131,0.23440564
27,132,0.4681708
27,133,0.2190128
27,134,0.36440903
27,135,0.27741355
27,136,0.2606266
27,137,0.4733857
27,138,0.4939555
27,139,0.27832663
27,140,0.582651
27,141,0.4072252
27,142,0.3038587
27,143,0.49441734
27,144,0.3640719
27,145,0.3488415
27,146,0.27737483
27,147,0.3762663
27,148,0.17423058
27,149,0.36505413
27,150,0.3212247
27,151,0.336812
27,152,0.3806184
27,153,0.47791177
27,154,0.23454821
27,155,3.8146823e-06
28,0,0.3220941
28,1,0.45676538
28,2,0.4241915
28,3,0.17430276
28,4,0.39233145
28,5,0.539225
28,6,0.293611
28,7,0.45140055
28,8,0.21735051
28,9,0.43587396
28,10,0.42559284
28,11,0.2774703
28,12,0.43405473
28,13,0.39738935
28,14,0.40687573
28,15,0.2619133
28,16,0.4074989
28,17,0.40787864
28,18,0.55932105
28,19,0.21839893
28,20,0.4083157
28,21,0.3210472
28,22,0.17442715
28,23,0.440086
28,24,0.26095474
28,25,0.19083707
28,26,0.30428278
28,27,0.32067496
28,28,0.27720922
28,29,0.27835673
28,30,0.3637339
28,31,0.45020926
28,32,0.39644516
28,33,0.36377144
28,34,0.23366725
28,35,0.38078433
28,36,0.4071192
28,37,0.27239794
28,38,0.08727491
28,39,0.27331218
28,40,0.21791524
28,41,0.46811777
28,42,0.4081772
28,43,0.36427668
28,44,0.26089048
28,45,0.39052218
28,46,0.30468813
28,47,0.4243407
28,48,0.38575274
28,49,0.2179628
28,50,0.13094637
28,51,0.21786469
28,52,0.3207363
28,53,0.46753728
28,54,0.23413089
28,55,0.3045128
28,56,0.44048047
28,57,0.2612643
28,58,0.2776393
28,59,0.19147727
28,60,0.3076018
28,61,0.36380252
28,62,0.36444825
28,63,0.3202274
28,64,0.3046613
28,65,0.34722587
28,66,0.2780629
28,67,0.21718349
28,68,0.27721635
28,69,0.32106453
28,70,0.4092113
28,71,0.23999153
28,72,0.27712065
28,73,0.5552647
28,74,0.21737759
28,75,0.1745932
28,76,0.3037857
28,77,0.21760727
28,78,0.32028782
28,79,0.47939956
28,80,0.3210792
28,81,0.26418614
28,82,0.3910516
28,83,0.3217826
28,84,0.3237567
28,85,0.3201044
28,86,0.44005263
28,87,0.27847594
28,88,0.47797316
28,89,0.6081244
28,90,0.40783966
28,91,0.40680015
28,92,0.42991644
28,93,0.3636533
28,94,0.3928057
28,95,0.4233749
28,96,0.38191444
28,97,0.21765181
28,98,0.31998184
28,99,0.2621459
28,100,0.38090977
28,101,0.27776492
28,102,0.37970915
28,103,0.39085716
28,104,0.3041169
28,105,0.26215798
28,106,0.3822623
28,107,0.34749937
28,108,0.38130915
28,109,0.2766351
28,110,0.49400306
28,111,0.23387128
28,112,0.2606588
28,113,0.36391836
28,114,0.48619777
28,115,0.19024977
28,116,0.30392602
28,117,0.34720546
28,118,0.32102042
28,119,0.5702616
28,120,0.3911695
28,121,0.32026893
28,122,0.23409426
28,123,0.4078544
28,124,0.3809725
28,125,0.3490271
28,126,0.38032955
28,127,0.4077793
28,128,0.45887816
28,129,0.40460038
28,130,0.32063955
28,131,0.40947533
28,132,0.3651812
28,133,0.32104957
28,134,0.365393
28,135,0.42399648
28,136,0.13164788
28,137,0.34798092
28,138,0.40723842
28,139,0.40928024
28,140,0.17408541
28,141,0.36452895
28,142,0.3376671
28,143,0.19041213
28,144,0.26076514
28,145,0.17403573
28,146,0.42374724
28,147,0.24115655
28,148,0.40863523
28,149,0.33805686
28,150,0.3201478
28,151,0.38100287
28,152,0.23437017
28,153,0.32647413
28,154,0.26149246
28,155,0.0003158895
29,0,0.43462068
29,1,0.5386351
29,2,0.13123238
29,3,0.3476802
29,4,0.554214
29,5,0.13045685
29,6,0.26147473
29,7,0.36412013
29,8,0.43405646
29,9,0.34025067
29,10,0.36386454
29,11,0.624561
29,12,0.43463552
29,13,0.30569923
29,14,0.4073601
29,15,0.5546317
29,16,0.34752107
29,17,0.5429622
29,18,0.31032836
29,19,0.32043815
29,20,0.5215776
29,21,0.32074803
29,22,0.26092625
29,23,0.34775546
29,24,0.4507305
29,25,0.14478613
29,26,0.3065383
29,27,0.49450994
29,28,0.30431864
29,29,0.5224922
29,30,0.36433226
29,31,0.21784168
29,32,0.36386174
29,33,0.4076236
29,34,0.38291478
29,35,0.26113117
29,36,0.3946799
29,37,0.26132274
29,38,0.32083136
29,39,0.3043636
29,40,0.40722555
29,41,0.3647012
29,42,0.51001024
29,43,0.26056102
29,44,0.36476922
29,45,0.40834525
29,46,0.32120132
29,47,0.37402314
29,48,0.30415305
29,49,0.32147717
29,50,0.21741559
29,51,0.24643844
29,52,0.2608466
29,53,0.3479511
29,54,0.3476645
29,55,0.36389834
29,56,0.3045072
29,57,0.38001305
29,58,0.38083634
29,59,0.40802106
29,60,0.26115096
29,61,0.27756268
29,62,0.26115507
29,63,0.40727562
29,64,0.21714458
29,65,0.28738725
29,66,0.40726689
29,67,0.23433065
29,68,0.27721095
29,69,0.29351023
29,70,0.27810842
29,71,0.43839914
29,72,0.4839725
29,73,0.45070302
29,74,0.40707767
29,75,0.36523986
29,76,0.1904612
29,77,0.3636502
29,78,0.36404467
29,79,0.3043669
29,80,0.23459649
29,81,0.2771296
29,82,0.3265792
29,83,0.38129544
29,84,0.17401972
29,85,0.17425787
29,86,0.26132774
29,87,0.17419426
29,88,0.27712908
29,89,0.21864009
29,90,0.3909216
29,91,0.34793803
29,92,0.364613
29,93,0.33771172
29,94,0.30506682
29,95,0.45080405
29,96,0.2619648
29,97,0.39066803
29,98,0.52777696
29,99,0.27718028
29,100,0.43495023
29,101,0.63136065
29,102,0.34879202
29,103,0.42386308
29,104,0.4676918
29,105,0.3043764
29,106,0.26106983
29,107,0.36388543
29,108,0.39071286
29,109,0.32126945
29,110,0.26234058
29,111,0.3475042
29,112,0.3370754
29,113,0.5104939
29,114,0.1911132
29,115,0.56426954
29,116,0.29691887
29,117,0.33707368
29,118,0.27774888
29,119,0.21760441
29,120,0.26090524
29,121,0.5537774
29,122,0.4512552
29,123,0.3047003
29,124,0.23375538
29,125,0.5101763
29,126,0.3639702
29,127,0.17487568
29,128,0.34812868
29,129,0.3368414
29,130,0.36450583
29,131,0.2795
29,132,0.39840525
29,133,0.4176296
29,134,0.46719718
29,135,0.36398095
29,136,0.2333788
29,137,0.3642786
29,138,0.26121628
29,139,0.30421582
29,140,0.23379362
29,141,0.26141858
29,142,0.23509082
29,143,0.21739122
29,144,0.26209432
29,145,0.3637113
29,146,0.30408043
29,147,0.46718764
29,148,0.38106066
29,149,0.21722439
29,150,0.17420225
29,151,0.32037628
29,152,0.36371958
29,153,0.41695458
29,154,0.30516118
29,155,1.4930716e-05
30,0,0.4926136
30,1,0.32013983
30,2,0.33727401
30,3,0.21755314
30,4,0.50160503
30,5,0.4512796
30,6,0.43450207
30,7,0.3647323
30,8,0.39082766
30,9,0.30379963
30,10,0.21734808
30,11,0.17423673
30,12,0.32076958
30,13,0.3800453
30,14,0.30453485
30,15,0.36389536
30,16,0.30428612
30,17,0.3645982
30,18,0.4937359
30,19,0.32192957
30,20,0.3804356
30,21,0.39030138
30,22,0.34816968
30,23,0.27702504
30,24,0.3634977
30,25,0.4247467
30,26,0.23445195
30,27,0.37968737
30,28,0.3040666
30,29,0.34713578
30,30,0.32157916
30,31,0.26094347
30,32,0.26169756
30,33,0.32121414
30,34,0.46734136
30,35,0.27683657
30,36,0.42336386
30,37,0.38030893
30,38,0.08770627
30,39,0.32192603
30,40,0.32988864
30,41,0.45156038
30,42,0.40674376
30,43,0.21749112
30,44,0.2613678
30,45,0.26201499
30,46,0.27749667
30,47,0.4005796
30,48,0.36404067
30,49,0.36484456
30,50,0.27681243
30,51,0.5397247
30,52,0.23463938
30,53,0.49424267
30,54,0.36424848
30,55,0.3039174
30,56,0.17392775
30,57,0.40737057
30,58,0.5968952
30,59,0.5699049
30,60,0.4502644
30,61,0.3475352
30,62,0.3205573
30,63,0.250885
30,64,0.13055262
30,65,0.2951832
30,66,0.21722797
30,67,0.42411345
30,68,0.42393962
30,69,0.33712584
30,70,0.29350346
30,71,0.32119185
30,72,0.21745318
30,73,0.5812694
30,74,0.30420882
30,75,0.33684787
30,76,0.39616212
30,77,0.22640777
30,78,0.2615873
30,79,0.42293167
30,80,0.21763697
30,81,0.17398545
30,82,0.53256977
30,83,0.32043028
30,84,0.39229107
30,85,0.4074703
30,86,0.40811622
30,87,0.21716006
30,88,0.3970154
30,89,0.21726654
30,90,0.4839779
30,91,0.2780103
30,92,0.21798268
30,93,0.2610565
30,94,0.58839595
30,95,0.26074797
30,96,0.3366325
30,97,0.42396873
30,98,0.38035932
30,99,0.1307143
30,100,0.45045447
30,101,0.32121572
30,102,0.2600981
30,103,0.30535084
30,104,0.26044348
30,105,0.30462545
30,106,0.52052367
30,107,0.44031775
30,108,0.39108557
30,109,0.42338908
30,110,0.1353766
30,111,0.34750694
30,112,0.30416557
30,113,0.49448717
30,114,0.40779805
30,115,0.27729815
30,116,0.25033414
30,117,0.3810137
30,118,0.36398056
30,119,0.30500212
30,120,0.472775
30,121,0.4079982
30,122,0.26158923
30,123,0.42365807
30,124,0.32087278
30,125,0.34492332
30,126,0.3649261
30,127,0.3643809
30,128,0.26167583
30,129,0.27723974
30,130,0.21765122
30,131,0.30427623
30,132,0.32075268
30,133,0.2675165
30,134,0.45507067
30,135,0.4351073
30,136,0.36425644
30,137,0.34709537
30,138,0.3805538
30,139,0.31797767
30,140,0.3920049
30,141,0.30459762
30,142,0.3201611
30,143,0.2769081
30,144,0.46992218
30,145,0.26126945
30,146,0.39789402
30,147,0.2779001
30,148,0.30487582
30,149,0.30444634
30,150,0.40816984
30,151,0.49420547
30,152,0.21808706
30,153,0.46677744
30,154,0.49476653
30,155,5.3643835e-06
